Site,Protein,Protein-ID,Gene,Glycopeptide,pval,log2-FC
731,>sp|O75882|ATRN_HUMAN Attractin OS=Homo sapiens OX=9606 GN=ATRN PE=1 SV=2,O75882,ATRN,R.NHSCSEGQISIFR.Y.HexNAc(4)Hex(5)NeuAc(2),0.05366615002302193,1.0635454799289343
914,>sp|O75882|ATRN_HUMAN Attractin OS=Homo sapiens OX=9606 GN=ATRN PE=1 SV=2,O75882,ATRN,K.AATCINPLNGSVCERPANHSAK.Q.HexNAc(2)Hex(3); HexNAc(6)Hex(7)NeuAc(4),0.9980387073080443,-0.11153119389500263
138,>sp|P00450|CERU_HUMAN Ceruloplasmin OS=Homo sapiens OX=9606 GN=CP PE=1 SV=1,P00450,CERU,K.EHEGAIYPDNTTDFQR.A.HexNAc(5)Hex(6)Fuc(1)NeuAc(3),0.8032161079713616,0.14099866944626013
138,>sp|P00450|CERU_HUMAN Ceruloplasmin OS=Homo sapiens OX=9606 GN=CP PE=1 SV=1,P00450,CERU,K.EHEGAIYPDNTTDFQR.A.HexNAc(5)Hex(6)NeuAc(3),0.41721093255706965,0.42935282988255274
138,>sp|P00450|CERU_HUMAN Ceruloplasmin OS=Homo sapiens OX=9606 GN=CP PE=1 SV=1,P00450,CERU,K.EHEGAIYPDNTTDFQR.A.HexNAc(5)Hex(6)Fuc(1)NeuAc(2),0.2547873059052002,0.9844039040723134
138,>sp|P00450|CERU_HUMAN Ceruloplasmin OS=Homo sapiens OX=9606 GN=CP PE=1 SV=1,P00450,CERU,K.EHEGAIYPDNTTDFQR.A.HexNAc(5)Hex(6)NeuAc(2),0.12489916138566926,-0.5631059031496061
138,>sp|P00450|CERU_HUMAN Ceruloplasmin OS=Homo sapiens OX=9606 GN=CP PE=1 SV=1,P00450,CERU,K.EHEGAIYPDNTTDFQR.A.HexNAc(4)Hex(5)Fuc(1)NeuAc(2),0.16480480237491377,0.9342451328059106
138,>sp|P00450|CERU_HUMAN Ceruloplasmin OS=Homo sapiens OX=9606 GN=CP PE=1 SV=1,P00450,CERU,K.EHEGAIYPDNTTDFQR.A.HexNAc(4)Hex(5)NeuAc(2),0.17550689405390962,-0.6448474362973787
138,>sp|P00450|CERU_HUMAN Ceruloplasmin OS=Homo sapiens OX=9606 GN=CP PE=1 SV=1,P00450,CERU,K.EHEGAIYPDNTTDFQR.A.HexNAc(4)Hex(5)NeuAc(1),0.03549136124905356,1.460105695777841
358,>sp|P00450|CERU_HUMAN Ceruloplasmin OS=Homo sapiens OX=9606 GN=CP PE=1 SV=1,P00450,CERU,K.AGLQAFFQVQECNK.S.HexNAc(4)Hex(5)NeuAc(2),0.00024205788913794966,1.8595013764530421
358,>sp|P00450|CERU_HUMAN Ceruloplasmin OS=Homo sapiens OX=9606 GN=CP PE=1 SV=1,P00450,CERU,K.AGLQAFFQVQECNK.S.HexNAc(4)Hex(5)Fuc(1)NeuAc(2),0.423489584929702,0.4391594596699275
397,>sp|P00450|CERU_HUMAN Ceruloplasmin OS=Homo sapiens OX=9606 GN=CP PE=1 SV=1,P00450,CERU,K.ENLTAPGSDSAVFFEQGTTR.I.HexNAc(5)Hex(6)NeuAc(3),0.8597079776470866,0.689249454424123
397,>sp|P00450|CERU_HUMAN Ceruloplasmin OS=Homo sapiens OX=9606 GN=CP PE=1 SV=1,P00450,CERU,K.ENLTAPGSDSAVFFEQGTTR.I.HexNAc(4)Hex(5)NeuAc(2),0.03299935576960825,4.473482195402769
397,>sp|P00450|CERU_HUMAN Ceruloplasmin OS=Homo sapiens OX=9606 GN=CP PE=1 SV=1,P00450,CERU,K.ENLTAPGSDSAVFFEQGTTR.I.HexNAc(4)Hex(5)NeuAc(1),0.014257517084454366,2.0295416674922415
397,>sp|P00450|CERU_HUMAN Ceruloplasmin OS=Homo sapiens OX=9606 GN=CP PE=1 SV=1,P00450,CERU,K.ENLTAPGSDSAVFFEQGTTR.I.HexNAc(5)Hex(7)Fuc(1)NeuAc(2),0.05847747638930754,0.7983979108146222
397,>sp|P00450|CERU_HUMAN Ceruloplasmin OS=Homo sapiens OX=9606 GN=CP PE=1 SV=1,P00450,CERU,K.ENLTAPGSDSAVFFEQGTTR.I.HexNAc(4)Hex(5)Fuc(1)NeuAc(2),0.22405293255881908,1.648928804304266
762,>sp|P00450|CERU_HUMAN Ceruloplasmin OS=Homo sapiens OX=9606 GN=CP PE=1 SV=1,P00450,CERU,K.ELHHLQEQNVSNAFLDK.G.HexNAc(5)Hex(6)Fuc(1)NeuAc(3),0.13653440015009277,1.433431082012303
762,>sp|P00450|CERU_HUMAN Ceruloplasmin OS=Homo sapiens OX=9606 GN=CP PE=1 SV=1,P00450,CERU,K.ELHHLQEQNVSNAFLDK.G.HexNAc(5)Hex(6)NeuAc(3),0.41234595955752595,-0.4162466866474605
762,>sp|P00450|CERU_HUMAN Ceruloplasmin OS=Homo sapiens OX=9606 GN=CP PE=1 SV=1,P00450,CERU,K.ELHHLQEQNVSNAFLDK.G.HexNAc(5)Hex(6)Fuc(1)NeuAc(2),0.5813794329785055,-0.4695728890708188
762,>sp|P00450|CERU_HUMAN Ceruloplasmin OS=Homo sapiens OX=9606 GN=CP PE=1 SV=1,P00450,CERU,K.ELHHLQEQNVSNAFLDK.G.HexNAc(4)Hex(5)Fuc(1)NeuAc(2),0.03853750465953493,2.338207201524452
762,>sp|P00450|CERU_HUMAN Ceruloplasmin OS=Homo sapiens OX=9606 GN=CP PE=1 SV=1,P00450,CERU,K.ELHHLQEQNVSNAFLDK.G.HexNAc(4)Hex(5)NeuAc(2),0.15918362866465013,1.3818749566922073
762,>sp|P00450|CERU_HUMAN Ceruloplasmin OS=Homo sapiens OX=9606 GN=CP PE=1 SV=1,P00450,CERU,K.ELHHLQEQNVSNAFLDK.G.HexNAc(4)Hex(5)NeuAc(1),0.2055184914968665,1.511567186077692
143,>sp|P00734|THRB_HUMAN Prothrombin OS=Homo sapiens OX=9606 GN=F2 PE=1 SV=2,P00734,THRB,R.SRYPHKPEINSTTHPGADLQENFCR.N.HexNAc(4)Hex(5)NeuAc(2),0.10421574505498298,2.3207146986941476
143,>sp|P00734|THRB_HUMAN Prothrombin OS=Homo sapiens OX=9606 GN=F2 PE=1 SV=2,P00734,THRB,R.YPHKPEINSTTHPGADLQENFCR.N.HexNAc(4)Hex(5)NeuAc(2),0.19167203478848224,1.1681335565733773
416,>sp|P00734|THRB_HUMAN Prothrombin OS=Homo sapiens OX=9606 GN=F2 PE=1 SV=2,P00734,THRB,K.NFTENDLLVR.I.HexNAc(4)Hex(5)NeuAc(2),0.5437119803741217,-0.6209959542745601
207,>sp|P00738|HPT_HUMAN Haptoglobin OS=Homo sapiens OX=9606 GN=HP PE=1 SV=1,P00738,HPT,K.NLFLNHSENATAK.D.HexNAc(5)Hex(6)NeuAc(3); HexNAc(3)Hex(4)NeuAc(1),0.03594333394601581,-1.4194558539961144
241,>sp|P00738|HPT_HUMAN Haptoglobin OS=Homo sapiens OX=9606 GN=HP PE=1 SV=1,P00738,HPT,K.VVLHPNYSQVDIGLIK.L.HexNAc(5)Hex(6)Fuc(1)NeuAc(3),0.014556251202649357,-3.7260576125257123
241,>sp|P00738|HPT_HUMAN Haptoglobin OS=Homo sapiens OX=9606 GN=HP PE=1 SV=1,P00738,HPT,K.VVLHPNYSQVDIGLIK.L.HexNAc(5)Hex(6)NeuAc(3),0.2527143521035245,-1.77460352711878
241,>sp|P00738|HPT_HUMAN Haptoglobin OS=Homo sapiens OX=9606 GN=HP PE=1 SV=1,P00738,HPT,K.VVLHPNYSQVDIGLIK.L.HexNAc(5)Hex(6)NeuAc(2),0.13380767677602853,-2.8994606859416137
241,>sp|P00738|HPT_HUMAN Haptoglobin OS=Homo sapiens OX=9606 GN=HP PE=1 SV=1,P00738,HPT,K.VVLHPNYSQVDIGLIK.L.HexNAc(4)Hex(5)Fuc(1)NeuAc(2),0.22098319680455308,-2.4417382044186193
241,>sp|P00738|HPT_HUMAN Haptoglobin OS=Homo sapiens OX=9606 GN=HP PE=1 SV=1,P00738,HPT,K.VVLHPNYSQVDIGLIK.L.HexNAc(5)Hex(6)NeuAc(1),0.056600371473836814,-3.0112639058749293
241,>sp|P00738|HPT_HUMAN Haptoglobin OS=Homo sapiens OX=9606 GN=HP PE=1 SV=1,P00738,HPT,K.VVLHPNYSQVDIGLIK.L.HexNAc(4)Hex(5)NeuAc(2),0.05502035730071807,-2.6445254117188957
241,>sp|P00738|HPT_HUMAN Haptoglobin OS=Homo sapiens OX=9606 GN=HP PE=1 SV=1,P00738,HPT,K.VVLHPNYSQVDIGLIK.L.HexNAc(4)Hex(5)NeuAc(1),0.005506083462224588,-4.029050649755229
271,>sp|P01009|A1AT_HUMAN Alpha-1-antitrypsin OS=Homo sapiens OX=9606 GN=SERPINA1 PE=1 SV=3,P01009,A1AT,K.YLGNATAIFFLPDEGK.L.HexNAc(4)Hex(5)NeuAc(1),0.012665106604052616,2.4710174700573004
85,>sp|P01024|CO3_HUMAN Complement C3 OS=Homo sapiens OX=9606 GN=C3 PE=1 SV=2,P01024,CO3,K.TVLTPATNHMGNVTFTIPANR.E.HexNAc(3)Hex(5),0.003515211851977177,-4.8475614190250065
85,>sp|P01024|CO3_HUMAN Complement C3 OS=Homo sapiens OX=9606 GN=C3 PE=1 SV=2,P01024,CO3,K.TVLTPATNHMGNVTFTIPANR.E.HexNAc(2)Hex(6),0.011619189139905913,-1.5931654702750628
48,>sp|P01042|KNG1_HUMAN Kininogen-1 OS=Homo sapiens OX=9606 GN=KNG1 PE=1 SV=2,P01042,KNG1,K.YNSQNQSNNQFVLYR.I.HexNAc(4)Hex(5)NeuAc(2),0.36120307609489166,-0.23278234128640096
205,>sp|P01042|KNG1_HUMAN Kininogen-1 OS=Homo sapiens OX=9606 GN=KNG1 PE=1 SV=2,P01042,KNG1,R.ITYSIVQTNCSK.E.HexNAc(5)Hex(6)Fuc(1)NeuAc(3),0.04754148121371415,-0.9806834201156833
205,>sp|P01042|KNG1_HUMAN Kininogen-1 OS=Homo sapiens OX=9606 GN=KNG1 PE=1 SV=2,P01042,KNG1,R.ITYSIVQTNCSK.E.HexNAc(5)Hex(6)NeuAc(3),0.013307547744812222,-1.9963163995992426
71,>sp|P01591|IGJ_HUMAN Immunoglobulin J chain OS=Homo sapiens OX=9606 GN=JCHAIN PE=1 SV=4,P01591,IGJ,R.IIVPLNNRENISDPTSPLR.T.HexNAc(4)Hex(5)Fuc(1)NeuAc(2),0.6258022625523364,-0.6246698618013985
71,>sp|P01591|IGJ_HUMAN Immunoglobulin J chain OS=Homo sapiens OX=9606 GN=JCHAIN PE=1 SV=4,P01591,IGJ,R.IIVPLNNRENISDPTSPLR.T.HexNAc(4)Hex(5)Fuc(1)NeuAc(1),0.08380416063387065,-1.141760861805154
71,>sp|P01591|IGJ_HUMAN Immunoglobulin J chain OS=Homo sapiens OX=9606 GN=JCHAIN PE=1 SV=4,P01591,IGJ,R.ENISDPTSPLR.T.HexNAc(4)Hex(5)NeuAc(2),0.31612999798342467,-0.31806699340471445
71,>sp|P01591|IGJ_HUMAN Immunoglobulin J chain OS=Homo sapiens OX=9606 GN=JCHAIN PE=1 SV=4,P01591,IGJ,R.ENISDPTSPLR.T.HexNAc(4)Hex(5)NeuAc(1),0.679722750959905,-0.31556316547972435
71,>sp|P01591|IGJ_HUMAN Immunoglobulin J chain OS=Homo sapiens OX=9606 GN=JCHAIN PE=1 SV=4,P01591,IGJ,R.ENISDPTSPLR.T.HexNAc(4)Hex(5)Fuc(1)NeuAc(1),0.9062596868658286,-0.030751544415991334
176,>sp|P01859|IGHG2_HUMAN Immunoglobulin heavy constant gamma 2 OS=Homo sapiens OX=9606 GN=IGHG2 PE=1 SV=2,P01859,IGHG2,K.TKPREEQFNSTFR.V.HexNAc(4)Hex(5)Fuc(1),0.07053334083891338,-1.9553961378895461
176,>sp|P01859|IGHG2_HUMAN Immunoglobulin heavy constant gamma 2 OS=Homo sapiens OX=9606 GN=IGHG2 PE=1 SV=2,P01859,IGHG2,K.TKPREEQFNSTFR.V.HexNAc(4)Hex(4)Fuc(1),0.013534598762321414,-2.081169823050014
176,>sp|P01859|IGHG2_HUMAN Immunoglobulin heavy constant gamma 2 OS=Homo sapiens OX=9606 GN=IGHG2 PE=1 SV=2,P01859,IGHG2,K.TKPREEQFNSTFR.V.HexNAc(4)Hex(3)Fuc(1),0.2240450829744626,-2.1470581925403076
176,>sp|P01859|IGHG2_HUMAN Immunoglobulin heavy constant gamma 2 OS=Homo sapiens OX=9606 GN=IGHG2 PE=1 SV=2,P01859,IGHG2,K.PREEQFNSTFR.V.HexNAc(4)Hex(5)Fuc(1)NeuAc(1),0.5308099231501201,-0.45309962987698144
176,>sp|P01859|IGHG2_HUMAN Immunoglobulin heavy constant gamma 2 OS=Homo sapiens OX=9606 GN=IGHG2 PE=1 SV=2,P01859,IGHG2,K.PREEQFNSTFR.V.HexNAc(4)Hex(4)Fuc(1)NeuAc(1),0.8054703083152956,0.10303848376160255
176,>sp|P01859|IGHG2_HUMAN Immunoglobulin heavy constant gamma 2 OS=Homo sapiens OX=9606 GN=IGHG2 PE=1 SV=2,P01859,IGHG2,K.PREEQFNSTFR.V.HexNAc(5)Hex(4)Fuc(1),0.2694701706694259,-0.5115036718237878
176,>sp|P01859|IGHG2_HUMAN Immunoglobulin heavy constant gamma 2 OS=Homo sapiens OX=9606 GN=IGHG2 PE=1 SV=2,P01859,IGHG2,K.PREEQFNSTFR.V.HexNAc(4)Hex(5)Fuc(1),0.5102212801292855,0.5642234535230498
176,>sp|P01859|IGHG2_HUMAN Immunoglobulin heavy constant gamma 2 OS=Homo sapiens OX=9606 GN=IGHG2 PE=1 SV=2,P01859,IGHG2,K.PREEQFNSTFR.V.HexNAc(5)Hex(3)Fuc(1),0.4499920206998647,0.4765402609232444
176,>sp|P01859|IGHG2_HUMAN Immunoglobulin heavy constant gamma 2 OS=Homo sapiens OX=9606 GN=IGHG2 PE=1 SV=2,P01859,IGHG2,K.PREEQFNSTFR.V.HexNAc(4)Hex(4)Fuc(1),0.42654250889770945,-0.14865817408386217
176,>sp|P01859|IGHG2_HUMAN Immunoglobulin heavy constant gamma 2 OS=Homo sapiens OX=9606 GN=IGHG2 PE=1 SV=2,P01859,IGHG2,K.PREEQFNSTFR.V.HexNAc(4)Hex(3)Fuc(1),0.07903773769347039,-1.3027904870355846
176,>sp|P01859|IGHG2_HUMAN Immunoglobulin heavy constant gamma 2 OS=Homo sapiens OX=9606 GN=IGHG2 PE=1 SV=2,P01859,IGHG2,R.EEQFNSTFR.V.HexNAc(4)Hex(5)Fuc(1)NeuAc(2),0.43774871808825605,0.3261551210603811
176,>sp|P01859|IGHG2_HUMAN Immunoglobulin heavy constant gamma 2 OS=Homo sapiens OX=9606 GN=IGHG2 PE=1 SV=2,P01859,IGHG2,R.EEQFNSTFR.V.HexNAc(5)Hex(5)Fuc(1)NeuAc(1),0.24110732563260412,-0.8404139631209927
176,>sp|P01859|IGHG2_HUMAN Immunoglobulin heavy constant gamma 2 OS=Homo sapiens OX=9606 GN=IGHG2 PE=1 SV=2,P01859,IGHG2,R.EEQFNSTFR.V.HexNAc(4)Hex(6)Fuc(1)NeuAc(1),0.48979132757586885,-0.1525789795603636
176,>sp|P01859|IGHG2_HUMAN Immunoglobulin heavy constant gamma 2 OS=Homo sapiens OX=9606 GN=IGHG2 PE=1 SV=2,P01859,IGHG2,R.EEQFNSTFR.V.HexNAc(5)Hex(4)Fuc(1)NeuAc(1),0.6162463170999511,0.17988305803129576
176,>sp|P01859|IGHG2_HUMAN Immunoglobulin heavy constant gamma 2 OS=Homo sapiens OX=9606 GN=IGHG2 PE=1 SV=2,P01859,IGHG2,R.EEQFNSTFR.V.HexNAc(4)Hex(5)Fuc(1)NeuAc(1),0.06597501310257564,1.5681257739466716
176,>sp|P01859|IGHG2_HUMAN Immunoglobulin heavy constant gamma 2 OS=Homo sapiens OX=9606 GN=IGHG2 PE=1 SV=2,P01859,IGHG2,R.EEQFNSTFR.V.HexNAc(5)Hex(5)Fuc(1),0.02697252782107849,0.8877383654007682
176,>sp|P01859|IGHG2_HUMAN Immunoglobulin heavy constant gamma 2 OS=Homo sapiens OX=9606 GN=IGHG2 PE=1 SV=2,P01859,IGHG2,R.EEQFNSTFR.V.HexNAc(4)Hex(6)Fuc(1),0.047916506760198985,0.7784588304309729
176,>sp|P01859|IGHG2_HUMAN Immunoglobulin heavy constant gamma 2 OS=Homo sapiens OX=9606 GN=IGHG2 PE=1 SV=2,P01859,IGHG2,R.EEQFNSTFR.V.HexNAc(4)Hex(4)Fuc(1)NeuAc(1),0.0014758837813524447,4.254137254467992
176,>sp|P01859|IGHG2_HUMAN Immunoglobulin heavy constant gamma 2 OS=Homo sapiens OX=9606 GN=IGHG2 PE=1 SV=2,P01859,IGHG2,R.EEQFNSTFR.V.HexNAc(5)Hex(4)Fuc(1),0.2386669446072492,-0.4054667893433649
176,>sp|P01859|IGHG2_HUMAN Immunoglobulin heavy constant gamma 2 OS=Homo sapiens OX=9606 GN=IGHG2 PE=1 SV=2,P01859,IGHG2,R.EEQFNSTFR.V.HexNAc(4)Hex(5)Fuc(1),0.8524063169892713,0.6544957399430217
176,>sp|P01859|IGHG2_HUMAN Immunoglobulin heavy constant gamma 2 OS=Homo sapiens OX=9606 GN=IGHG2 PE=1 SV=2,P01859,IGHG2,R.EEQFNSTFR.V.HexNAc(5)Hex(3)Fuc(1),0.5889023019504752,-0.19552605303835655
176,>sp|P01859|IGHG2_HUMAN Immunoglobulin heavy constant gamma 2 OS=Homo sapiens OX=9606 GN=IGHG2 PE=1 SV=2,P01859,IGHG2,R.EEQFNSTFR.V.HexNAc(4)Hex(4)Fuc(1),0.9335513024834454,-0.10894179997007734
176,>sp|P01859|IGHG2_HUMAN Immunoglobulin heavy constant gamma 2 OS=Homo sapiens OX=9606 GN=IGHG2 PE=1 SV=2,P01859,IGHG2,R.EEQFNSTFR.V.HexNAc(4)Hex(3)Fuc(1),0.13510009503297665,-1.3330899356821708
176,>sp|P01859|IGHG2_HUMAN Immunoglobulin heavy constant gamma 2 OS=Homo sapiens OX=9606 GN=IGHG2 PE=1 SV=2,P01859,IGHG2,R.EEQFNSTFR.V.HexNAc(3)Hex(4)Fuc(1),0.1471333821860031,0.4579090430750759
176,>sp|P01859|IGHG2_HUMAN Immunoglobulin heavy constant gamma 2 OS=Homo sapiens OX=9606 GN=IGHG2 PE=1 SV=2,P01859,IGHG2,R.EEQFNSTFR.V.HexNAc(3)Hex(3)Fuc(1),0.0060425712923651165,2.3606323388175094
177,>sp|P01861|IGHG4_HUMAN Immunoglobulin heavy constant gamma 4 OS=Homo sapiens OX=9606 GN=IGHG4 PE=1 SV=1,P01861,IGHG4,K.TKPREEQFNSTYR.V.HexNAc(4)Hex(3)Fuc(1),0.009470919640707995,-2.222982785557686
177,>sp|P01861|IGHG4_HUMAN Immunoglobulin heavy constant gamma 4 OS=Homo sapiens OX=9606 GN=IGHG4 PE=1 SV=1,P01861,IGHG4,R.EEQFNSTYR.V.HexNAc(5)Hex(4)Fuc(1)NeuAc(1),0.44213951420502584,-1.055077032237847
177,>sp|P01861|IGHG4_HUMAN Immunoglobulin heavy constant gamma 4 OS=Homo sapiens OX=9606 GN=IGHG4 PE=1 SV=1,P01861,IGHG4,R.EEQFNSTYR.V.HexNAc(4)Hex(5)Fuc(1)NeuAc(1),0.36588905655795073,0.7913649282243392
177,>sp|P01861|IGHG4_HUMAN Immunoglobulin heavy constant gamma 4 OS=Homo sapiens OX=9606 GN=IGHG4 PE=1 SV=1,P01861,IGHG4,R.EEQFNSTYR.V.HexNAc(4)Hex(4)Fuc(1)NeuAc(1),0.37109385273700335,-1.131890118507481
177,>sp|P01861|IGHG4_HUMAN Immunoglobulin heavy constant gamma 4 OS=Homo sapiens OX=9606 GN=IGHG4 PE=1 SV=1,P01861,IGHG4,R.EEQFNSTYR.V.HexNAc(4)Hex(5)Fuc(1),0.33140220653056285,-1.534889017531106
177,>sp|P01861|IGHG4_HUMAN Immunoglobulin heavy constant gamma 4 OS=Homo sapiens OX=9606 GN=IGHG4 PE=1 SV=1,P01861,IGHG4,R.EEQFNSTYR.V.HexNAc(4)Hex(4)Fuc(1),0.5790485285533759,0.8892365133011946
177,>sp|P01861|IGHG4_HUMAN Immunoglobulin heavy constant gamma 4 OS=Homo sapiens OX=9606 GN=IGHG4 PE=1 SV=1,P01861,IGHG4,R.EEQFNSTYR.V.HexNAc(4)Hex(5)Fuc(1)NeuAc(2),0.6185409623317724,-0.4589568711113844
177,>sp|P01861|IGHG4_HUMAN Immunoglobulin heavy constant gamma 4 OS=Homo sapiens OX=9606 GN=IGHG4 PE=1 SV=1,P01861,IGHG4,R.EEQFNSTYR.V.HexNAc(3)Hex(3)Fuc(1),0.10241789746782624,-0.8740040312726426
46,>sp|P01871|IGHM_HUMAN Immunoglobulin heavy constant mu OS=Homo sapiens OX=9606 GN=IGHM PE=1 SV=4,P01871,IGHM,K.NNSDISSTR.G.HexNAc(5)Hex(5)Fuc(1)NeuAc(1),0.1588946314018109,-1.8075359698241835
46,>sp|P01871|IGHM_HUMAN Immunoglobulin heavy constant mu OS=Homo sapiens OX=9606 GN=IGHM PE=1 SV=4,P01871,IGHM,K.NNSDISSTR.G.HexNAc(4)Hex(5)Fuc(1)NeuAc(1),0.14083891339288562,-1.6837077170966093
46,>sp|P01871|IGHM_HUMAN Immunoglobulin heavy constant mu OS=Homo sapiens OX=9606 GN=IGHM PE=1 SV=4,P01871,IGHM,K.NNSDISSTR.G.HexNAc(3)Hex(4)Fuc(1)NeuAc(1),6.343674518453843e-05,-2.52671368860463
209,>sp|P01871|IGHM_HUMAN Immunoglobulin heavy constant mu OS=Homo sapiens OX=9606 GN=IGHM PE=1 SV=4,P01871,IGHM,R.GLTFQQNASSMCVPDQDTAIR.V.HexNAc(4)Hex(5)Fuc(1)NeuAc(2),0.05117050645471631,-1.1858598694797864
209,>sp|P01871|IGHM_HUMAN Immunoglobulin heavy constant mu OS=Homo sapiens OX=9606 GN=IGHM PE=1 SV=4,P01871,IGHM,R.GLTFQQNASSMCVPDQDTAIR.V.HexNAc(5)Hex(5)Fuc(1)NeuAc(1),0.06325300106322003,-1.391842412046548
209,>sp|P01871|IGHM_HUMAN Immunoglobulin heavy constant mu OS=Homo sapiens OX=9606 GN=IGHM PE=1 SV=4,P01871,IGHM,R.GLTFQQNASSMCVPDQDTAIR.V.HexNAc(5)Hex(5)NeuAc(1),0.0019820652223093986,-2.016649457243771
209,>sp|P01871|IGHM_HUMAN Immunoglobulin heavy constant mu OS=Homo sapiens OX=9606 GN=IGHM PE=1 SV=4,P01871,IGHM,R.GLTFQQNASSMCVPDQDTAIR.V.HexNAc(4)Hex(5)Fuc(1)NeuAc(1),0.8224015172044534,-0.18400976967614172
340,>sp|P01876|IGHA1_HUMAN Immunoglobulin heavy constant alpha 1 OS=Homo sapiens OX=9606 GN=IGHA1 PE=1 SV=2,P01876,IGHA1,R.LAGKPTHVNVSVVMAEVDGTC.Y.HexNAc(6)Hex(6)NeuAc(2),0.11158502532944206,-2.831964829804474
340,>sp|P01876|IGHA1_HUMAN Immunoglobulin heavy constant alpha 1 OS=Homo sapiens OX=9606 GN=IGHA1 PE=1 SV=2,P01876,IGHA1,R.LAGKPTHVNVSVVMAEVDGTC.Y.HexNAc(4)Hex(5)Fuc(1)NeuAc(2),0.002779684761578937,3.0825815582918192
92,>sp|P01877|IGHA2_HUMAN Immunoglobulin heavy constant alpha 2 OS=Homo sapiens OX=9606 GN=IGHA2 PE=1 SV=4,P01877,IGHA2,K.HYTNSSQDVTVPCR.V.HexNAc(5)Hex(5)Fuc(1)NeuAc(2),0.8648114046635876,-0.17998129138177255
92,>sp|P01877|IGHA2_HUMAN Immunoglobulin heavy constant alpha 2 OS=Homo sapiens OX=9606 GN=IGHA2 PE=1 SV=4,P01877,IGHA2,K.HYTNSSQDVTVPCR.V.HexNAc(5)Hex(6)Fuc(1)NeuAc(1),0.876723218726262,0.30726062036952995
92,>sp|P01877|IGHA2_HUMAN Immunoglobulin heavy constant alpha 2 OS=Homo sapiens OX=9606 GN=IGHA2 PE=1 SV=4,P01877,IGHA2,K.HYTNSSQDVTVPCR.V.HexNAc(4)Hex(5)Fuc(1)NeuAc(2),0.19436726313143426,0.9015591444718268
92,>sp|P01877|IGHA2_HUMAN Immunoglobulin heavy constant alpha 2 OS=Homo sapiens OX=9606 GN=IGHA2 PE=1 SV=4,P01877,IGHA2,K.HYTNSSQDVTVPCR.V.HexNAc(5)Hex(5)Fuc(1)NeuAc(1),0.7047947471556651,0.38480125699629225
92,>sp|P01877|IGHA2_HUMAN Immunoglobulin heavy constant alpha 2 OS=Homo sapiens OX=9606 GN=IGHA2 PE=1 SV=4,P01877,IGHA2,K.HYTNSSQDVTVPCR.V.HexNAc(5)Hex(4)Fuc(1)NeuAc(1),0.271318277939621,-0.15369384682803913
92,>sp|P01877|IGHA2_HUMAN Immunoglobulin heavy constant alpha 2 OS=Homo sapiens OX=9606 GN=IGHA2 PE=1 SV=4,P01877,IGHA2,K.HYTNSSQDVTVPCR.V.HexNAc(4)Hex(5)Fuc(1)NeuAc(1),0.687531685221278,0.4693361156735897
92,>sp|P01877|IGHA2_HUMAN Immunoglobulin heavy constant alpha 2 OS=Homo sapiens OX=9606 GN=IGHA2 PE=1 SV=4,P01877,IGHA2,K.HYTNSSQDVTVPCR.V.HexNAc(5)Hex(5)Fuc(1),0.8193550887053606,0.0613659116123492
92,>sp|P01877|IGHA2_HUMAN Immunoglobulin heavy constant alpha 2 OS=Homo sapiens OX=9606 GN=IGHA2 PE=1 SV=4,P01877,IGHA2,K.HYTNSSQDVTVPCR.V.HexNAc(4)Hex(5)Fuc(1),0.222205163340475,1.3563601488891082
92,>sp|P01877|IGHA2_HUMAN Immunoglobulin heavy constant alpha 2 OS=Homo sapiens OX=9606 GN=IGHA2 PE=1 SV=4,P01877,IGHA2,K.HYTNSSQDVTVPCR.V.HexNAc(5)Hex(4)Fuc(1),0.8571468522407976,0.29352146863429224
205,>sp|P01877|IGHA2_HUMAN Immunoglobulin heavy constant alpha 2 OS=Homo sapiens OX=9606 GN=IGHA2 PE=1 SV=4,P01877,IGHA2,K.TPLTANITK.S.HexNAc(5)Hex(5)Fuc(1)NeuAc(2),0.05465943323346418,1.2846547234366914
205,>sp|P01877|IGHA2_HUMAN Immunoglobulin heavy constant alpha 2 OS=Homo sapiens OX=9606 GN=IGHA2 PE=1 SV=4,P01877,IGHA2,K.TPLTANITK.S.HexNAc(4)Hex(5)Fuc(1)NeuAc(2),0.011044613467422757,2.4496149791698416
205,>sp|P01877|IGHA2_HUMAN Immunoglobulin heavy constant alpha 2 OS=Homo sapiens OX=9606 GN=IGHA2 PE=1 SV=4,P01877,IGHA2,K.TPLTANITK.S.HexNAc(5)Hex(5)Fuc(1)NeuAc(1),0.055189886086949684,1.3241002121645307
205,>sp|P01877|IGHA2_HUMAN Immunoglobulin heavy constant alpha 2 OS=Homo sapiens OX=9606 GN=IGHA2 PE=1 SV=4,P01877,IGHA2,K.TPLTANITK.S.HexNAc(5)Hex(4)Fuc(1)NeuAc(1),0.0107280451528314,1.671179791493486
205,>sp|P01877|IGHA2_HUMAN Immunoglobulin heavy constant alpha 2 OS=Homo sapiens OX=9606 GN=IGHA2 PE=1 SV=4,P01877,IGHA2,K.TPLTANITK.S.HexNAc(4)Hex(5)Fuc(1)NeuAc(1),0.3193246917731309,1.234079286290128
205,>sp|P01877|IGHA2_HUMAN Immunoglobulin heavy constant alpha 2 OS=Homo sapiens OX=9606 GN=IGHA2 PE=1 SV=4,P01877,IGHA2,K.TPLTANITK.S.HexNAc(5)Hex(5)Fuc(1),0.2466599712911044,0.6266600645659629
205,>sp|P01877|IGHA2_HUMAN Immunoglobulin heavy constant alpha 2 OS=Homo sapiens OX=9606 GN=IGHA2 PE=1 SV=4,P01877,IGHA2,K.TPLTANITK.S.HexNAc(5)Hex(4)Fuc(1),0.08938637374839793,1.570184769611711
205,>sp|P01877|IGHA2_HUMAN Immunoglobulin heavy constant alpha 2 OS=Homo sapiens OX=9606 GN=IGHA2 PE=1 SV=4,P01877,IGHA2,K.TPLTANITK.S.HexNAc(4)Hex(5)Fuc(1),2.2229726715516597e-05,3.469369858336817
205,>sp|P01877|IGHA2_HUMAN Immunoglobulin heavy constant alpha 2 OS=Homo sapiens OX=9606 GN=IGHA2 PE=1 SV=4,P01877,IGHA2,K.TPLTANITK.S.HexNAc(3)Hex(4)Fuc(1),0.04910139315839031,1.375121274274899
205,>sp|P01877|IGHA2_HUMAN Immunoglobulin heavy constant alpha 2 OS=Homo sapiens OX=9606 GN=IGHA2 PE=1 SV=4,P01877,IGHA2,K.TPLTANITK.S.HexNAc(3)Hex(3)Fuc(1),0.004725013796205705,2.2086801984404807
205,>sp|P01877|IGHA2_HUMAN Immunoglobulin heavy constant alpha 2 OS=Homo sapiens OX=9606 GN=IGHA2 PE=1 SV=4,P01877,IGHA2,K.TPLTANITK.S.HexNAc(4)Hex(4)Fuc(1)NeuAc(1),0.022324918597075534,2.712609656224334
205,>sp|P01877|IGHA2_HUMAN Immunoglobulin heavy constant alpha 2 OS=Homo sapiens OX=9606 GN=IGHA2 PE=1 SV=4,P01877,IGHA2,K.TPLTANITK.S.HexNAc(4)Hex(4)Fuc(1),0.03197194961371022,1.3590131722248349
394,>sp|P02675|FIBB_HUMAN Fibrinogen beta chain OS=Homo sapiens OX=9606 GN=FGB PE=1 SV=2,P02675,FIBB,R.GTAGNALMDGASQLMGENR.T.HexNAc(4)Hex(5)NeuAc(1),0.00022532036281944118,-6.117314569379919
162,>sp|P02749|APOH_HUMAN Beta-2-glycoprotein 1 OS=Homo sapiens OX=9606 GN=APOH PE=1 SV=3,P02749,APOH,R.VYKPSAGNNSLYR.D.HexNAc(4)Hex(5)NeuAc(2),0.8002401272990949,-1.5502096202949422
162,>sp|P02749|APOH_HUMAN Beta-2-glycoprotein 1 OS=Homo sapiens OX=9606 GN=APOH PE=1 SV=3,P02749,APOH,K.PSAGNNSLYR.D.HexNAc(5)Hex(6)Fuc(1)NeuAc(3),0.6013766867492575,-1.9582784719536346
162,>sp|P02749|APOH_HUMAN Beta-2-glycoprotein 1 OS=Homo sapiens OX=9606 GN=APOH PE=1 SV=3,P02749,APOH,K.PSAGNNSLYR.D.HexNAc(4)Hex(5)NeuAc(2),0.0423263504390397,-2.429198056945826
162,>sp|P02749|APOH_HUMAN Beta-2-glycoprotein 1 OS=Homo sapiens OX=9606 GN=APOH PE=1 SV=3,P02749,APOH,K.PSAGNNSLYR.D.HexNAc(4)Hex(5)Fuc(1)NeuAc(2),0.5355238724042044,-1.7927359492890094
253,>sp|P02749|APOH_HUMAN Beta-2-glycoprotein 1 OS=Homo sapiens OX=9606 GN=APOH PE=1 SV=3,P02749,APOH,K.LGNWSAMPSCK.A.HexNAc(4)Hex(5)NeuAc(2),0.0022755267591390667,-1.0053471367587232
253,>sp|P02749|APOH_HUMAN Beta-2-glycoprotein 1 OS=Homo sapiens OX=9606 GN=APOH PE=1 SV=3,P02749,APOH,K.LGNWSAMPSCK.A.HexNAc(4)Hex(5)NeuAc(1),0.019703209597053226,-1.6339890529315126
325,>sp|P02750|A2GL_HUMAN Leucine-rich alpha-2-glycoprotein OS=Homo sapiens OX=9606 GN=LRG1 PE=1 SV=2,P02750,A2GL,K.MFSQNDTR.C.HexNAc(5)Hex(6)Fuc(1)NeuAc(3),0.022096484423994006,1.5741967746063434
325,>sp|P02750|A2GL_HUMAN Leucine-rich alpha-2-glycoprotein OS=Homo sapiens OX=9606 GN=LRG1 PE=1 SV=2,P02750,A2GL,K.MFSQNDTR.C.HexNAc(4)Hex(5)NeuAc(2),0.004747760475604871,2.304310468218085
56,>sp|P02763|A1AG1_HUMAN Alpha-1-acid glycoprotein 1 OS=Homo sapiens OX=9606 GN=ORM1 PE=1 SV=1,P02763,A1AG1,R.NEEYNK.S.HexNAc(5)Hex(6)Fuc(1)NeuAc(2),0.5073502933119154,1.7185701611140942
56,>sp|P02763|A1AG1_HUMAN Alpha-1-acid glycoprotein 1 OS=Homo sapiens OX=9606 GN=ORM1 PE=1 SV=1,P02763,A1AG1,R.NEEYNK.S.HexNAc(4)Hex(5)Fuc(1)NeuAc(2),0.010768414091272807,3.8565380389743456
56,>sp|P02763|A1AG1_HUMAN Alpha-1-acid glycoprotein 1 OS=Homo sapiens OX=9606 GN=ORM1 PE=1 SV=1,P02763,A1AG1,R.NEEYNK.S.HexNAc(4)Hex(5)NeuAc(2),0.877834724335935,0.3277587025346705
56,>sp|P02763|A1AG1_HUMAN Alpha-1-acid glycoprotein 1 OS=Homo sapiens OX=9606 GN=ORM1 PE=1 SV=1,P02763,A1AG1,R.NEEYNK.S.HexNAc(5)Hex(6)NeuAc(3),0.8172480624097619,0.04779350052026548
56,>sp|P02763|A1AG1_HUMAN Alpha-1-acid glycoprotein 1 OS=Homo sapiens OX=9606 GN=ORM1 PE=1 SV=1,P02763,A1AG1,R.NEEYNK.S.HexNAc(5)Hex(6)NeuAc(2),0.006738577112460161,1.49582271341612
93,>sp|P02763|A1AG1_HUMAN Alpha-1-acid glycoprotein 1 OS=Homo sapiens OX=9606 GN=ORM1 PE=1 SV=1,P02763,A1AG1,R.QDQCIYNTTYLNVQR.E.HexNAc(7)Hex(8)Fuc(1)NeuAc(4),0.12202828330532049,0.8853088276059786
93,>sp|P02763|A1AG1_HUMAN Alpha-1-acid glycoprotein 1 OS=Homo sapiens OX=9606 GN=ORM1 PE=1 SV=1,P02763,A1AG1,R.QDQCIYNTTYLNVQR.E.HexNAc(6)Hex(7)NeuAc(4),0.007428250950807639,1.4903479023998416
93,>sp|P02763|A1AG1_HUMAN Alpha-1-acid glycoprotein 1 OS=Homo sapiens OX=9606 GN=ORM1 PE=1 SV=1,P02763,A1AG1,R.QDQCIYNTTYLNVQR.E.HexNAc(6)Hex(7)Fuc(1)NeuAc(3),0.2709289411644362,1.2818255470436628
93,>sp|P02763|A1AG1_HUMAN Alpha-1-acid glycoprotein 1 OS=Homo sapiens OX=9606 GN=ORM1 PE=1 SV=1,P02763,A1AG1,R.QDQCIYNTTYLNVQR.E.HexNAc(6)Hex(7)NeuAc(3),0.023945445133065565,1.151094104995149
93,>sp|P02763|A1AG1_HUMAN Alpha-1-acid glycoprotein 1 OS=Homo sapiens OX=9606 GN=ORM1 PE=1 SV=1,P02763,A1AG1,R.QDQCIYNTTYLNVQR.E.HexNAc(6)Hex(7)Fuc(1)NeuAc(2),0.0008387160182670671,2.2418226526741423
93,>sp|P02763|A1AG1_HUMAN Alpha-1-acid glycoprotein 1 OS=Homo sapiens OX=9606 GN=ORM1 PE=1 SV=1,P02763,A1AG1,R.QDQCIYNTTYLNVQR.E.HexNAc(5)Hex(6)Fuc(1)NeuAc(3),0.0002227939445530011,3.2413570715514863
93,>sp|P02763|A1AG1_HUMAN Alpha-1-acid glycoprotein 1 OS=Homo sapiens OX=9606 GN=ORM1 PE=1 SV=1,P02763,A1AG1,R.QDQCIYNTTYLNVQR.E.HexNAc(6)Hex(7)NeuAc(2),0.005573868855847319,2.3672986414238455
93,>sp|P02763|A1AG1_HUMAN Alpha-1-acid glycoprotein 1 OS=Homo sapiens OX=9606 GN=ORM1 PE=1 SV=1,P02763,A1AG1,R.QDQCIYNTTYLNVQR.E.HexNAc(5)Hex(7)Fuc(1)NeuAc(2),0.04014704459062857,3.2077087135031226
93,>sp|P02763|A1AG1_HUMAN Alpha-1-acid glycoprotein 1 OS=Homo sapiens OX=9606 GN=ORM1 PE=1 SV=1,P02763,A1AG1,R.QDQCIYNTTYLNVQR.E.HexNAc(5)Hex(6)NeuAc(3),0.02763920962918885,2.541509658222818
93,>sp|P02763|A1AG1_HUMAN Alpha-1-acid glycoprotein 1 OS=Homo sapiens OX=9606 GN=ORM1 PE=1 SV=1,P02763,A1AG1,R.QDQCIYNTTYLNVQR.E.HexNAc(6)Hex(7)NeuAc(1),0.2846704586124556,0.9422501474567033
93,>sp|P02763|A1AG1_HUMAN Alpha-1-acid glycoprotein 1 OS=Homo sapiens OX=9606 GN=ORM1 PE=1 SV=1,P02763,A1AG1,R.QDQCIYNTTYLNVQR.E.HexNAc(5)Hex(6)NeuAc(2),0.005500875018440707,2.433654637707022
93,>sp|P02763|A1AG1_HUMAN Alpha-1-acid glycoprotein 1 OS=Homo sapiens OX=9606 GN=ORM1 PE=1 SV=1,P02763,A1AG1,R.QDQCIYNTTYLNVQR.E.HexNAc(6)Hex(7)Fuc(1)NeuAc(4),0.006660477416404862,1.2112698247788076
93,>sp|P02763|A1AG1_HUMAN Alpha-1-acid glycoprotein 1 OS=Homo sapiens OX=9606 GN=ORM1 PE=1 SV=1,P02763,A1AG1,R.QDQCIYNTTYLNVQR.E.HexNAc(5)Hex(6)Fuc(1)NeuAc(2),0.002112041788003131,3.3457229933119015
103,>sp|P02763|A1AG1_HUMAN Alpha-1-acid glycoprotein 1 OS=Homo sapiens OX=9606 GN=ORM1 PE=1 SV=1,P02763,A1AG1,R.ENGTISR.Y.HexNAc(6)Hex(7)Fuc(1)NeuAc(4),0.07790037930214677,1.3277425968074745
103,>sp|P02763|A1AG1_HUMAN Alpha-1-acid glycoprotein 1 OS=Homo sapiens OX=9606 GN=ORM1 PE=1 SV=1,P02763,A1AG1,R.ENGTISR.Y.HexNAc(6)Hex(7)NeuAc(4),0.0811547635645419,1.1564869944869403
103,>sp|P02763|A1AG1_HUMAN Alpha-1-acid glycoprotein 1 OS=Homo sapiens OX=9606 GN=ORM1 PE=1 SV=1,P02763,A1AG1,R.ENGTISR.Y.HexNAc(5)Hex(6)NeuAc(3),0.26370169167299423,1.208521301657904
103,>sp|P02763|A1AG1_HUMAN Alpha-1-acid glycoprotein 1 OS=Homo sapiens OX=9606 GN=ORM1 PE=1 SV=1,P02763,A1AG1,R.ENGTISR.Y.HexNAc(5)Hex(6)NeuAc(2),0.05260553890669711,2.6426013740227146
103,>sp|P02763|A1AG1_HUMAN Alpha-1-acid glycoprotein 1 OS=Homo sapiens OX=9606 GN=ORM1 PE=1 SV=1,P02763,A1AG1,R.ENGTISR.Y.HexNAc(6)Hex(7)Fuc(1)NeuAc(3),0.39969322082783004,0.9017853642681317
103,>sp|P02763|A1AG1_HUMAN Alpha-1-acid glycoprotein 1 OS=Homo sapiens OX=9606 GN=ORM1 PE=1 SV=1,P02763,A1AG1,R.ENGTISR.Y.HexNAc(6)Hex(7)NeuAc(3),0.003037243803706344,1.5151366735716796
156,>sp|P02765|FETUA_HUMAN Alpha-2-HS-glycoprotein OS=Homo sapiens OX=9606 GN=AHSG PE=1 SV=2,P02765,FETUA,K.VCQDCPLLAPLNDTR.V.HexNAc(4)Hex(5)NeuAc(2),0.008472259553351251,-2.625443620952624
187,>sp|P02790|HEMO_HUMAN Hemopexin OS=Homo sapiens OX=9606 GN=HPX PE=1 SV=2,P02790,HEMO,R.SWPAVGNCSSALR.W.HexNAc(4)Hex(5)Fuc(1)NeuAc(2),0.340638144590025,-0.9305013791424888
187,>sp|P02790|HEMO_HUMAN Hemopexin OS=Homo sapiens OX=9606 GN=HPX PE=1 SV=2,P02790,HEMO,R.SWPAVGNCSSALR.W.HexNAc(4)Hex(5)NeuAc(2),2.7689727018608498e-05,-3.229807532549091
453,>sp|P02790|HEMO_HUMAN Hemopexin OS=Homo sapiens OX=9606 GN=HPX PE=1 SV=2,P02790,HEMO,K.ALPQPQNVTSLLGCTH.-.HexNAc(4)Hex(5)NeuAc(2),0.01124892296089181,-2.448388779048067
86,>sp|P04004|VTNC_HUMAN Vitronectin OS=Homo sapiens OX=9606 GN=VTN PE=1 SV=1,P04004,VTNC,K.NNATVHEQVGGPSLTSDLQAQSK.G.HexNAc(4)Hex(5)NeuAc(2),0.39298130876573345,-0.8606949994473789
1523,>sp|P04114|APOB_HUMAN Apolipoprotein B-100 OS=Homo sapiens OX=9606 GN=APOB PE=1 SV=2,P04114,APOB,R.FNSSYLQGTNQITGR.Y.HexNAc(4)Hex(5)NeuAc(1),0.3747110200494678,-0.28695112582906457
98,>sp|P05090|APOD_HUMAN Apolipoprotein D OS=Homo sapiens OX=9606 GN=APOD PE=1 SV=1,P05090,APOD,R.ADGTVNQIEGEATPVNLTEPAK.L.HexNAc(5)Hex(6)Fuc(1)NeuAc(1),0.00023834449657943142,3.3556485285113835
98,>sp|P05090|APOD_HUMAN Apolipoprotein D OS=Homo sapiens OX=9606 GN=APOD PE=1 SV=1,P05090,APOD,R.ADGTVNQIEGEATPVNLTEPAK.L.HexNAc(4)Hex(5)Fuc(1)NeuAc(2),0.0071196578461473455,2.2281980430176533
98,>sp|P05090|APOD_HUMAN Apolipoprotein D OS=Homo sapiens OX=9606 GN=APOD PE=1 SV=1,P05090,APOD,R.ADGTVNQIEGEATPVNLTEPAK.L.HexNAc(4)Hex(5)NeuAc(2),0.010187293079874817,2.7839424436133657
98,>sp|P05090|APOD_HUMAN Apolipoprotein D OS=Homo sapiens OX=9606 GN=APOD PE=1 SV=1,P05090,APOD,R.ADGTVNQIEGEATPVNLTEPAK.L.HexNAc(4)Hex(5)Fuc(1)NeuAc(1),0.002282362928279777,1.471833577256306
98,>sp|P05090|APOD_HUMAN Apolipoprotein D OS=Homo sapiens OX=9606 GN=APOD PE=1 SV=1,P05090,APOD,R.ADGTVNQIEGEATPVNLTEPAK.L.HexNAc(4)Hex(5)Fuc(1),0.14157260844580824,1.4505609007380111
98,>sp|P05090|APOD_HUMAN Apolipoprotein D OS=Homo sapiens OX=9606 GN=APOD PE=1 SV=1,P05090,APOD,R.ADGTVNQIEGEATPVNLTEPAK.L.HexNAc(4)Hex(5)NeuAc(1),0.14710441130459273,2.3852086084545636
98,>sp|P05090|APOD_HUMAN Apolipoprotein D OS=Homo sapiens OX=9606 GN=APOD PE=1 SV=1,P05090,APOD,R.ADGTVNQIEGEATPVNLTEPAK.L.HexNAc(4)Hex(5),0.04630741329027925,1.657779460086686
36,>sp|P05543|THBG_HUMAN Thyroxine-binding globulin OS=Homo sapiens OX=9606 GN=SERPINA7 PE=1 SV=2,P05543,THBG,K.VTACHSSQPNATLYK.M.HexNAc(4)Hex(5)NeuAc(2),0.11994301268631415,1.3713521736311383
437,>sp|P07357|CO8A_HUMAN Complement component C8 alpha chain OS=Homo sapiens OX=9606 GN=C8A PE=1 SV=2,P07357,CO8A,R.GGSSGWSGGLAQNR.S.HexNAc(4)Hex(5)NeuAc(2),0.06771600738303885,-3.8300071176259287
882,>sp|P08603|CFAH_HUMAN Complement factor H OS=Homo sapiens OX=9606 GN=CFH PE=1 SV=4,P08603,CFAH,K.IPCSQPPQIEHGTINSSR.S.HexNAc(4)Hex(5)NeuAc(2),0.039982519230092994,-4.412754358839151
226,>sp|P0C0L5|CO4B_HUMAN Complement C4-B OS=Homo sapiens OX=9606 GN=C4B PE=1 SV=2,P0C0L5,CO4B,R.FSDGLESNSSTQFEVK.K.HexNAc(2)Hex(9),0.11727137699502384,-1.894270780474903
1328,>sp|P0C0L5|CO4B_HUMAN Complement C4-B OS=Homo sapiens OX=9606 GN=C4B PE=1 SV=2,P0C0L5,CO4B,R.GLNVTLSSTGR.N.HexNAc(4)Hex(5)NeuAc(2),0.0350317152322993,-1.574034282032764
299,>sp|P0DOX5|IGG1_HUMAN Immunoglobulin gamma-1 heavy chain OS=Homo sapiens OX=9606 PE=1 SV=2,P0DOX5,IGG1,K.PREEQYNSTYR.V.HexNAc(4)Hex(5)Fuc(1),0.017191235889372297,-3.926416743867413
299,>sp|P0DOX5|IGG1_HUMAN Immunoglobulin gamma-1 heavy chain OS=Homo sapiens OX=9606 PE=1 SV=2,P0DOX5,IGG1,K.PREEQYNSTYR.V.HexNAc(4)Hex(4)Fuc(1),0.00442006965798811,-4.399508050887322
299,>sp|P0DOX5|IGG1_HUMAN Immunoglobulin gamma-1 heavy chain OS=Homo sapiens OX=9606 PE=1 SV=2,P0DOX5,IGG1,K.PREEQYNSTYR.V.HexNAc(4)Hex(3)Fuc(1),0.0004296150662258265,-4.600445518301746
299,>sp|P0DOX5|IGG1_HUMAN Immunoglobulin gamma-1 heavy chain OS=Homo sapiens OX=9606 PE=1 SV=2,P0DOX5,IGG1,R.EEQYNSTYR.V.HexNAc(4)Hex(5)Fuc(1)NeuAc(1),0.004344524463674763,-3.8542592542655387
299,>sp|P0DOX5|IGG1_HUMAN Immunoglobulin gamma-1 heavy chain OS=Homo sapiens OX=9606 PE=1 SV=2,P0DOX5,IGG1,R.EEQYNSTYR.V.HexNAc(5)Hex(3)Fuc(1),0.06114413529548318,-3.16528432076131
299,>sp|P0DOX5|IGG1_HUMAN Immunoglobulin gamma-1 heavy chain OS=Homo sapiens OX=9606 PE=1 SV=2,P0DOX5,IGG1,R.EEQYNSTYR.V.HexNAc(4)Hex(4)Fuc(1),0.2951147899164256,-2.3710756797889716
299,>sp|P0DOX5|IGG1_HUMAN Immunoglobulin gamma-1 heavy chain OS=Homo sapiens OX=9606 PE=1 SV=2,P0DOX5,IGG1,R.EEQYNSTYR.V.HexNAc(4)Hex(3)Fuc(1),0.07225240629946364,-2.678999278506792
299,>sp|P0DOX5|IGG1_HUMAN Immunoglobulin gamma-1 heavy chain OS=Homo sapiens OX=9606 PE=1 SV=2,P0DOX5,IGG1,R.EEQYNSTYR.V.HexNAc(3)Hex(4)Fuc(1),0.06232083897527274,-1.7983221782985745
299,>sp|P0DOX5|IGG1_HUMAN Immunoglobulin gamma-1 heavy chain OS=Homo sapiens OX=9606 PE=1 SV=2,P0DOX5,IGG1,R.EEQYNSTYR.V.HexNAc(3)Hex(3)Fuc(1),0.05254829822617911,-2.3435505569763597
291,>sp|P10909|CLUS_HUMAN Clusterin OS=Homo sapiens OX=9606 GN=CLU PE=1 SV=1,P10909,CLUS,R.HNSTGCLR.M.HexNAc(4)Hex(5)NeuAc(2),2.9529956250115022e-05,-3.4489656855472224
93,>sp|P19652|A1AG2_HUMAN Alpha-1-acid glycoprotein 2 OS=Homo sapiens OX=9606 GN=ORM2 PE=1 SV=2,P19652,A1AG2,R.QNQCFYNSSYLNVQR.E.HexNAc(6)Hex(7)Fuc(1)NeuAc(4),0.4301567068715851,1.9886926008087296
93,>sp|P19652|A1AG2_HUMAN Alpha-1-acid glycoprotein 2 OS=Homo sapiens OX=9606 GN=ORM2 PE=1 SV=2,P19652,A1AG2,R.QNQCFYNSSYLNVQR.E.HexNAc(6)Hex(7)NeuAc(4),0.411729399919374,1.1698450246178869
93,>sp|P19652|A1AG2_HUMAN Alpha-1-acid glycoprotein 2 OS=Homo sapiens OX=9606 GN=ORM2 PE=1 SV=2,P19652,A1AG2,R.QNQCFYNSSYLNVQR.E.HexNAc(6)Hex(7)NeuAc(3),0.01597340814128555,1.7041060388591767
93,>sp|P19652|A1AG2_HUMAN Alpha-1-acid glycoprotein 2 OS=Homo sapiens OX=9606 GN=ORM2 PE=1 SV=2,P19652,A1AG2,R.QNQCFYNSSYLNVQR.E.HexNAc(6)Hex(7)Fuc(1)NeuAc(2),0.12699803307305024,1.9357103945226914
93,>sp|P19652|A1AG2_HUMAN Alpha-1-acid glycoprotein 2 OS=Homo sapiens OX=9606 GN=ORM2 PE=1 SV=2,P19652,A1AG2,R.QNQCFYNSSYLNVQR.E.HexNAc(5)Hex(6)Fuc(1)NeuAc(3),0.06586274179566752,2.134913628512623
93,>sp|P19652|A1AG2_HUMAN Alpha-1-acid glycoprotein 2 OS=Homo sapiens OX=9606 GN=ORM2 PE=1 SV=2,P19652,A1AG2,R.QNQCFYNSSYLNVQR.E.HexNAc(6)Hex(7)NeuAc(2),0.07724522827987777,0.8675461984292966
93,>sp|P19652|A1AG2_HUMAN Alpha-1-acid glycoprotein 2 OS=Homo sapiens OX=9606 GN=ORM2 PE=1 SV=2,P19652,A1AG2,R.QNQCFYNSSYLNVQR.E.HexNAc(5)Hex(6)NeuAc(3),0.038417180960667964,1.5473382393648014
93,>sp|P19652|A1AG2_HUMAN Alpha-1-acid glycoprotein 2 OS=Homo sapiens OX=9606 GN=ORM2 PE=1 SV=2,P19652,A1AG2,R.QNQCFYNSSYLNVQR.E.HexNAc(6)Hex(7)NeuAc(1),0.5915481665043374,-0.36475212163580545
93,>sp|P19652|A1AG2_HUMAN Alpha-1-acid glycoprotein 2 OS=Homo sapiens OX=9606 GN=ORM2 PE=1 SV=2,P19652,A1AG2,R.QNQCFYNSSYLNVQR.E.HexNAc(5)Hex(6)NeuAc(2),0.007455567980862551,2.9990845185084023
93,>sp|P19652|A1AG2_HUMAN Alpha-1-acid glycoprotein 2 OS=Homo sapiens OX=9606 GN=ORM2 PE=1 SV=2,P19652,A1AG2,R.QNQCFYNSSYLNVQR.E.HexNAc(4)Hex(5)NeuAc(2),0.08846568910655217,1.1508850932699604
93,>sp|P19652|A1AG2_HUMAN Alpha-1-acid glycoprotein 2 OS=Homo sapiens OX=9606 GN=ORM2 PE=1 SV=2,P19652,A1AG2,R.QNQCFYNSSYLNVQR.E.HexNAc(6)Hex(7)Fuc(1)NeuAc(3),0.015108472346407763,2.7413851559725675
103,>sp|P19652|A1AG2_HUMAN Alpha-1-acid glycoprotein 2 OS=Homo sapiens OX=9606 GN=ORM2 PE=1 SV=2,P19652,A1AG2,R.ENGTVSR.Y.HexNAc(6)Hex(7)NeuAc(4),0.6083584741373761,0.3669514069086431
103,>sp|P19652|A1AG2_HUMAN Alpha-1-acid glycoprotein 2 OS=Homo sapiens OX=9606 GN=ORM2 PE=1 SV=2,P19652,A1AG2,R.ENGTVSR.Y.HexNAc(6)Hex(7)Fuc(1)NeuAc(4),0.7005585779353924,0.8360298182707226
128,>sp|P25311|ZA2G_HUMAN Zinc-alpha-2-glycoprotein OS=Homo sapiens OX=9606 GN=AZGP1 PE=1 SV=2,P25311,ZA2G,R.FGCEIENNR.S.HexNAc(5)Hex(6)NeuAc(3),0.002783261355080967,2.9407590849857264
128,>sp|P25311|ZA2G_HUMAN Zinc-alpha-2-glycoprotein OS=Homo sapiens OX=9606 GN=AZGP1 PE=1 SV=2,P25311,ZA2G,R.FGCEIENNR.S.HexNAc(4)Hex(5)NeuAc(2),0.001291716606306569,3.899334284127569
253,>sp|P27169|PON1_HUMAN Serum paraoxonase/arylesterase 1 OS=Homo sapiens OX=9606 GN=PON1 PE=1 SV=3,P27169,PON1,K.HANWTLTPLK.S.HexNAc(4)Hex(5)NeuAc(2),0.00014080888803850376,-2.4615052072939068
33,>sp|P43652|AFAM_HUMAN Afamin OS=Homo sapiens OX=9606 GN=AFM PE=1 SV=1,P43652,AFAM,R.DIENFNSTQK.F.HexNAc(4)Hex(5)NeuAc(2),0.03010739744560819,2.3335707676654636
402,>sp|P43652|AFAM_HUMAN Afamin OS=Homo sapiens OX=9606 GN=AFM PE=1 SV=1,P43652,AFAM,R.YAEDKFNETTEK.S.HexNAc(4)Hex(5)NeuAc(2),0.0829877704545987,1.0702478875624555
551,>sp|Q08380|LG3BP_HUMAN Galectin-3-binding protein OS=Homo sapiens OX=9606 GN=LGALS3BP PE=1 SV=1,Q08380,LG3BP,K.AAIPSALDTNSSK.S.HexNAc(4)Hex(5)Fuc(1)NeuAc(1),0.15029383339193858,-0.9976174374454668
242,>sp|Q9NZP8|C1RL_HUMAN Complement C1r subcomponent-like protein OS=Homo sapiens OX=9606 GN=C1RL PE=1 SV=2,Q9NZP8,C1RL,R.PVTPIAQNQTTLGSSR.A.HexNAc(4)Hex(5)NeuAc(2),0.3533923609478218,1.3675211796940523
