Site,Protein,Protein-ID,Gene,Glycopeptide
827,">sp|O43451|MGA_HUMAN Maltase-glucoamylase, intestinal OS=Homo sapiens OX=9606 GN=MGAM PE=1 SV=5",O43451,MGA,R.GGYIFPTQQPNTTTLASR.K.HexNAc(6)Hex(6)Fuc(1)NeuAc(1)
827,">sp|O43451|MGA_HUMAN Maltase-glucoamylase, intestinal OS=Homo sapiens OX=9606 GN=MGAM PE=1 SV=5",O43451,MGA,R.GGYIFPTQQPNTTTLASR.K.HexNAc(6)Hex(6)NeuAc(1)
827,">sp|O43451|MGA_HUMAN Maltase-glucoamylase, intestinal OS=Homo sapiens OX=9606 GN=MGAM PE=1 SV=5",O43451,MGA,R.GGYIFPTQQPNTTTLASR.K.HexNAc(5)Hex(5)Fuc(1)
1802,>sp|O60494|CUBN_HUMAN Cubilin OS=Homo sapiens OX=9606 GN=CUBN PE=1 SV=5,O60494,CUBN,R.EGNATGHLVGR.Y.HexNAc(5)Hex(5)Fuc(1)
2531,>sp|O60494|CUBN_HUMAN Cubilin OS=Homo sapiens OX=9606 GN=CUBN PE=1 SV=5,O60494,CUBN,K.LCSSVNVSNEIK.S.HexNAc(5)Hex(5)Fuc(1)
2923,>sp|O60494|CUBN_HUMAN Cubilin OS=Homo sapiens OX=9606 GN=CUBN PE=1 SV=5,O60494,CUBN,R.CGSNFTGPSGYIISPNYPK.Q.HexNAc(2)Hex(8)
2923,>sp|O60494|CUBN_HUMAN Cubilin OS=Homo sapiens OX=9606 GN=CUBN PE=1 SV=5,O60494,CUBN,R.CGSNFTGPSGYIISPNYPK.Q.HexNAc(2)Hex(7)
2923,>sp|O60494|CUBN_HUMAN Cubilin OS=Homo sapiens OX=9606 GN=CUBN PE=1 SV=5,O60494,CUBN,R.CGSNFTGPSGYIISPNYPK.Q.HexNAc(2)Hex(6)
3457,>sp|O60494|CUBN_HUMAN Cubilin OS=Homo sapiens OX=9606 GN=CUBN PE=1 SV=5,O60494,CUBN,R.NGSNSNSPLLGK.Y.HexNAc(6)Hex(5)Fuc(1)
3457,>sp|O60494|CUBN_HUMAN Cubilin OS=Homo sapiens OX=9606 GN=CUBN PE=1 SV=5,O60494,CUBN,R.NGSNSNSPLLGK.Y.HexNAc(5)Hex(4)
203,>sp|O75503|CLN5_HUMAN Ceroid-lipofuscinosis neuronal protein 5 OS=Homo sapiens OX=9606 GN=CLN5 PE=1 SV=2,O75503,CLN5,K.QDNETGIYYETWNVK.A.HexNAc(2)Hex(9)
416,>sp|O75882|ATRN_HUMAN Attractin OS=Homo sapiens OX=9606 GN=ATRN PE=1 SV=2,O75882,ATRN,K.IDSTGNVTNELR.V.HexNAc(3)Hex(6)NeuAc(1)
416,>sp|O75882|ATRN_HUMAN Attractin OS=Homo sapiens OX=9606 GN=ATRN PE=1 SV=2,O75882,ATRN,K.IDSTGNVTNELR.V.HexNAc(2)Hex(8)
416,>sp|O75882|ATRN_HUMAN Attractin OS=Homo sapiens OX=9606 GN=ATRN PE=1 SV=2,O75882,ATRN,K.IDSTGNVTNELR.V.HexNAc(2)Hex(7)
416,>sp|O75882|ATRN_HUMAN Attractin OS=Homo sapiens OX=9606 GN=ATRN PE=1 SV=2,O75882,ATRN,K.IDSTGNVTNELR.V.HexNAc(2)Hex(9)
731,>sp|O75882|ATRN_HUMAN Attractin OS=Homo sapiens OX=9606 GN=ATRN PE=1 SV=2,O75882,ATRN,R.NHSCSEGQISIFR.Y.HexNAc(4)Hex(5)Fuc(1)NeuAc(2)
731,>sp|O75882|ATRN_HUMAN Attractin OS=Homo sapiens OX=9606 GN=ATRN PE=1 SV=2,O75882,ATRN,R.NHSCSEGQISIFR.Y.HexNAc(4)Hex(5)Fuc(1)NeuAc(1)
133,>sp|O96009|NAPSA_HUMAN Napsin-A OS=Homo sapiens OX=9606 GN=NAPSA PE=1 SV=1,O96009,NAPSA,K.ASSSFQANGTK.F.HexNAc(2)Hex(3)Fuc(1)
358,>sp|P00450|CERU_HUMAN Ceruloplasmin OS=Homo sapiens OX=9606 GN=CP PE=1 SV=1,P00450,CERU,K.AGLQAFFQVQECNK.S.HexNAc(4)Hex(5)NeuAc(1)
397,>sp|P00450|CERU_HUMAN Ceruloplasmin OS=Homo sapiens OX=9606 GN=CP PE=1 SV=1,P00450,CERU,K.ENLTAPGSDSAVFFEQGTTR.I.HexNAc(4)Hex(6)Fuc(1)NeuAc(1)
397,>sp|P00450|CERU_HUMAN Ceruloplasmin OS=Homo sapiens OX=9606 GN=CP PE=1 SV=1,P00450,CERU,K.ENLTAPGSDSAVFFEQGTTR.I.HexNAc(4)Hex(5)Fuc(1)NeuAc(1)
397,>sp|P00450|CERU_HUMAN Ceruloplasmin OS=Homo sapiens OX=9606 GN=CP PE=1 SV=1,P00450,CERU,K.ENLTAPGSDSAVFFEQGTTR.I.HexNAc(5)Hex(6)NeuAc(2)
762,>sp|P00450|CERU_HUMAN Ceruloplasmin OS=Homo sapiens OX=9606 GN=CP PE=1 SV=1,P00450,CERU,K.ELHHLQEQNVSNAFLDK.G.HexNAc(7)Hex(8)Fuc(1)NeuAc(1)
121,>sp|P00734|THRB_HUMAN Prothrombin OS=Homo sapiens OX=9606 GN=F2 PE=1 SV=2,P00734,THRB,R.GHVNITR.S.HexNAc(4)Hex(5)NeuAc(2)
121,>sp|P00734|THRB_HUMAN Prothrombin OS=Homo sapiens OX=9606 GN=F2 PE=1 SV=2,P00734,THRB,R.GHVNITR.S.HexNAc(4)Hex(5)NeuAc(1)
121,>sp|P00734|THRB_HUMAN Prothrombin OS=Homo sapiens OX=9606 GN=F2 PE=1 SV=2,P00734,THRB,R.GHVNITR.S.HexNAc(4)Hex(5)Fuc(1)NeuAc(2)
143,>sp|P00734|THRB_HUMAN Prothrombin OS=Homo sapiens OX=9606 GN=F2 PE=1 SV=2,P00734,THRB,R.SRYPHKPEINSTTHPGADLQENFCR.N.HexNAc(4)Hex(5)Fuc(1)NeuAc(2)
143,>sp|P00734|THRB_HUMAN Prothrombin OS=Homo sapiens OX=9606 GN=F2 PE=1 SV=2,P00734,THRB,R.SRYPHKPEINSTTHPGADLQENFCR.N.HexNAc(4)Hex(5)NeuAc(1)
143,>sp|P00734|THRB_HUMAN Prothrombin OS=Homo sapiens OX=9606 GN=F2 PE=1 SV=2,P00734,THRB,R.YPHKPEINSTTHPGADLQENFCR.N.HexNAc(4)Hex(5)Fuc(1)NeuAc(2)
143,>sp|P00734|THRB_HUMAN Prothrombin OS=Homo sapiens OX=9606 GN=F2 PE=1 SV=2,P00734,THRB,R.YPHKPEINSTTHPGADLQENFCR.N.HexNAc(4)Hex(5)NeuAc(1)
143,>sp|P00734|THRB_HUMAN Prothrombin OS=Homo sapiens OX=9606 GN=F2 PE=1 SV=2,P00734,THRB,K.PEINSTTHPGADLQENFCR.N.HexNAc(4)Hex(5)NeuAc(2)
143,>sp|P00734|THRB_HUMAN Prothrombin OS=Homo sapiens OX=9606 GN=F2 PE=1 SV=2,P00734,THRB,R.YPHKPEINSTTHPGADLQENFCR.N.HexNAc(6)Hex(11)Fuc(1)
48,>sp|P01042|KNG1_HUMAN Kininogen-1 OS=Homo sapiens OX=9606 GN=KNG1 PE=1 SV=2,P01042,KNG1,K.YNSQNQSNNQFVLYR.I.HexNAc(5)Hex(4)Fuc(1)NeuAc(2)
48,>sp|P01042|KNG1_HUMAN Kininogen-1 OS=Homo sapiens OX=9606 GN=KNG1 PE=1 SV=2,P01042,KNG1,K.YNSQNQSNNQFVLYR.I.HexNAc(4)Hex(5)Fuc(1)NeuAc(2)
205,>sp|P01042|KNG1_HUMAN Kininogen-1 OS=Homo sapiens OX=9606 GN=KNG1 PE=1 SV=2,P01042,KNG1,R.ITYSIVQTNCSK.E.HexNAc(6)Hex(5)Fuc(1)NeuAc(3)
205,>sp|P01042|KNG1_HUMAN Kininogen-1 OS=Homo sapiens OX=9606 GN=KNG1 PE=1 SV=2,P01042,KNG1,R.ITYSIVQTNCSK.E.HexNAc(6)Hex(6)Fuc(1)NeuAc(2)
205,>sp|P01042|KNG1_HUMAN Kininogen-1 OS=Homo sapiens OX=9606 GN=KNG1 PE=1 SV=2,P01042,KNG1,R.ITYSIVQTNCSK.E.HexNAc(6)Hex(5)Fuc(1)NeuAc(2)
205,>sp|P01042|KNG1_HUMAN Kininogen-1 OS=Homo sapiens OX=9606 GN=KNG1 PE=1 SV=2,P01042,KNG1,R.ITYSIVQTNCSK.E.HexNAc(5)Hex(6)Fuc(1)NeuAc(2)
205,>sp|P01042|KNG1_HUMAN Kininogen-1 OS=Homo sapiens OX=9606 GN=KNG1 PE=1 SV=2,P01042,KNG1,R.ITYSIVQTNCSK.E.HexNAc(5)Hex(4)Fuc(1)NeuAc(2)
205,>sp|P01042|KNG1_HUMAN Kininogen-1 OS=Homo sapiens OX=9606 GN=KNG1 PE=1 SV=2,P01042,KNG1,R.ITYSIVQTNCSK.E.HexNAc(5)Hex(4)Fuc(1)NeuAc(1)
205,>sp|P01042|KNG1_HUMAN Kininogen-1 OS=Homo sapiens OX=9606 GN=KNG1 PE=1 SV=2,P01042,KNG1,R.ITYSIVQTNCSK.E.HexNAc(4)Hex(4)Fuc(1)
205,>sp|P01042|KNG1_HUMAN Kininogen-1 OS=Homo sapiens OX=9606 GN=KNG1 PE=1 SV=2,P01042,KNG1,R.ITYSIVQTNCSK.E.HexNAc(6)Hex(3)Fuc(1)
294,>sp|P01042|KNG1_HUMAN Kininogen-1 OS=Homo sapiens OX=9606 GN=KNG1 PE=1 SV=2,P01042,KNG1,K.LNAENNATFYFK.I.HexNAc(5)Hex(4)Fuc(1)NeuAc(2)
294,>sp|P01042|KNG1_HUMAN Kininogen-1 OS=Homo sapiens OX=9606 GN=KNG1 PE=1 SV=2,P01042,KNG1,K.LNAENNATFYFK.I.HexNAc(6)Hex(3)Fuc(1)NeuAc(1)
104,>sp|P01133|EGF_HUMAN Pro-epidermal growth factor OS=Homo sapiens OX=9606 GN=EGF PE=1 SV=2,P01133,EGF,R.VFLNGSR.Q.HexNAc(2)Hex(8)
71,>sp|P01591|IGJ_HUMAN Immunoglobulin J chain OS=Homo sapiens OX=9606 GN=JCHAIN PE=1 SV=4,P01591,IGJ,R.ENISDPTSPLR.T.HexNAc(4)Hex(5)Fuc(1)NeuAc(2)
469,>sp|P01833|PIGR_HUMAN Polymeric immunoglobulin receptor OS=Homo sapiens OX=9606 GN=PIGR PE=1 SV=4,P01833,PIGR,K.VPGNVTAVLGETLK.V.HexNAc(5)Hex(4)Fuc(1)NeuAc(2)
469,>sp|P01833|PIGR_HUMAN Polymeric immunoglobulin receptor OS=Homo sapiens OX=9606 GN=PIGR PE=1 SV=4,P01833,PIGR,K.VPGNVTAVLGETLK.V.HexNAc(4)Hex(5)Fuc(1)NeuAc(2)
469,>sp|P01833|PIGR_HUMAN Polymeric immunoglobulin receptor OS=Homo sapiens OX=9606 GN=PIGR PE=1 SV=4,P01833,PIGR,K.VPGNVTAVLGETLK.V.HexNAc(6)Hex(3)Fuc(1)NeuAc(1)
469,>sp|P01833|PIGR_HUMAN Polymeric immunoglobulin receptor OS=Homo sapiens OX=9606 GN=PIGR PE=1 SV=4,P01833,PIGR,K.VPGNVTAVLGETLK.V.HexNAc(5)Hex(4)Fuc(1)NeuAc(1)
499,>sp|P01833|PIGR_HUMAN Polymeric immunoglobulin receptor OS=Homo sapiens OX=9606 GN=PIGR PE=1 SV=4,P01833,PIGR,K.WNNTGCQALPSQDEGPSK.A.HexNAc(4)Hex(5)Fuc(1)NeuAc(2)
499,>sp|P01833|PIGR_HUMAN Polymeric immunoglobulin receptor OS=Homo sapiens OX=9606 GN=PIGR PE=1 SV=4,P01833,PIGR,K.WNNTGCQALPSQDEGPSK.A.HexNAc(5)Hex(5)Fuc(1)NeuAc(1)
499,>sp|P01833|PIGR_HUMAN Polymeric immunoglobulin receptor OS=Homo sapiens OX=9606 GN=PIGR PE=1 SV=4,P01833,PIGR,K.WNNTGCQALPSQDEGPSK.A.HexNAc(4)Hex(5)NeuAc(2)
499,>sp|P01833|PIGR_HUMAN Polymeric immunoglobulin receptor OS=Homo sapiens OX=9606 GN=PIGR PE=1 SV=4,P01833,PIGR,K.WNNTGCQALPSQDEGPSK.A.HexNAc(4)Hex(5)NeuAc(1)
499,>sp|P01833|PIGR_HUMAN Polymeric immunoglobulin receptor OS=Homo sapiens OX=9606 GN=PIGR PE=1 SV=4,P01833,PIGR,K.WNNTGCQALPSQDEGPSK.A.HexNAc(5)Hex(5)
499,>sp|P01833|PIGR_HUMAN Polymeric immunoglobulin receptor OS=Homo sapiens OX=9606 GN=PIGR PE=1 SV=4,P01833,PIGR,K.WNNTGCQALPSQDEGPSK.A.HexNAc(3)Hex(4)NeuAc(1)
499,>sp|P01833|PIGR_HUMAN Polymeric immunoglobulin receptor OS=Homo sapiens OX=9606 GN=PIGR PE=1 SV=4,P01833,PIGR,K.WNNTGCQALPSQDEGPSK.A.HexNAc(3)Hex(5)NeuAc(1)
176,>sp|P01859|IGHG2_HUMAN Immunoglobulin heavy constant gamma 2 OS=Homo sapiens OX=9606 GN=IGHG2 PE=1 SV=2,P01859,IGHG2,R.EEQFNSTFR.V.HexNAc(3)Hex(6)Fuc(1)NeuAc(1)
177,>sp|P01861|IGHG4_HUMAN Immunoglobulin heavy constant gamma 4 OS=Homo sapiens OX=9606 GN=IGHG4 PE=1 SV=1,P01861,IGHG4,K.PREEQFNSTYR.V.HexNAc(4)Hex(4)Fuc(1)
177,>sp|P01861|IGHG4_HUMAN Immunoglobulin heavy constant gamma 4 OS=Homo sapiens OX=9606 GN=IGHG4 PE=1 SV=1,P01861,IGHG4,K.PREEQFNSTYR.V.HexNAc(4)Hex(3)Fuc(1)
177,>sp|P01861|IGHG4_HUMAN Immunoglobulin heavy constant gamma 4 OS=Homo sapiens OX=9606 GN=IGHG4 PE=1 SV=1,P01861,IGHG4,R.EEQFNSTYR.V.HexNAc(5)Hex(5)Fuc(1)
177,>sp|P01861|IGHG4_HUMAN Immunoglobulin heavy constant gamma 4 OS=Homo sapiens OX=9606 GN=IGHG4 PE=1 SV=1,P01861,IGHG4,R.EEQFNSTYR.V.HexNAc(4)Hex(5)NeuAc(1)
177,>sp|P01861|IGHG4_HUMAN Immunoglobulin heavy constant gamma 4 OS=Homo sapiens OX=9606 GN=IGHG4 PE=1 SV=1,P01861,IGHG4,R.EEQFNSTYR.V.HexNAc(5)Hex(4)Fuc(1)
177,>sp|P01861|IGHG4_HUMAN Immunoglobulin heavy constant gamma 4 OS=Homo sapiens OX=9606 GN=IGHG4 PE=1 SV=1,P01861,IGHG4,K.PREEQFNSTYR.V.HexNAc(4)Hex(5)Fuc(1)
177,>sp|P01861|IGHG4_HUMAN Immunoglobulin heavy constant gamma 4 OS=Homo sapiens OX=9606 GN=IGHG4 PE=1 SV=1,P01861,IGHG4,R.EEQFNSTYR.V.HexNAc(3)Hex(4)Fuc(1)
340,>sp|P01876|IGHA1_HUMAN Immunoglobulin heavy constant alpha 1 OS=Homo sapiens OX=9606 GN=IGHA1 PE=1 SV=2,P01876,IGHA1,R.LAGKPTHVNVSVVMAEVDGTC.Y.HexNAc(5)Hex(5)Fuc(1)NeuAc(2)
340,>sp|P01876|IGHA1_HUMAN Immunoglobulin heavy constant alpha 1 OS=Homo sapiens OX=9606 GN=IGHA1 PE=1 SV=2,P01876,IGHA1,R.LAGKPTHVNVSVVMAEVDGTCY.-.HexNAc(6)Hex(4)NeuAc(1)
340,>sp|P01876|IGHA1_HUMAN Immunoglobulin heavy constant alpha 1 OS=Homo sapiens OX=9606 GN=IGHA1 PE=1 SV=2,P01876,IGHA1,R.LAGKPTHVNVSVVMAEVDGTC.Y.HexNAc(5)Hex(5)Fuc(1)NeuAc(1)
340,>sp|P01876|IGHA1_HUMAN Immunoglobulin heavy constant alpha 1 OS=Homo sapiens OX=9606 GN=IGHA1 PE=1 SV=2,P01876,IGHA1,R.LAGKPTHVNVSVVMAEVDGTC.Y.HexNAc(4)Hex(5)Fuc(1)NeuAc(1)
340,>sp|P01876|IGHA1_HUMAN Immunoglobulin heavy constant alpha 1 OS=Homo sapiens OX=9606 GN=IGHA1 PE=1 SV=2,P01876,IGHA1,K.PTHVNVSVVMAEVDGTC.Y.HexNAc(4)Hex(5)Fuc(1)NeuAc(2)
340,>sp|P01876|IGHA1_HUMAN Immunoglobulin heavy constant alpha 1 OS=Homo sapiens OX=9606 GN=IGHA1 PE=1 SV=2,P01876,IGHA1,R.LAGKPTHVNVSVVMAEVDGTC.Y.HexNAc(6)Hex(6)NeuAc(1)
340,>sp|P01876|IGHA1_HUMAN Immunoglobulin heavy constant alpha 1 OS=Homo sapiens OX=9606 GN=IGHA1 PE=1 SV=2,P01876,IGHA1,R.LAGKPTHVNVSVVMAEVDGTC.Y.HexNAc(5)Hex(5)NeuAc(2)
92,>sp|P01877|IGHA2_HUMAN Immunoglobulin heavy constant alpha 2 OS=Homo sapiens OX=9606 GN=IGHA2 PE=1 SV=4,P01877,IGHA2,K.HYTNSSQDVTVPCR.V.HexNAc(5)Hex(5)NeuAc(1)
92,>sp|P01877|IGHA2_HUMAN Immunoglobulin heavy constant alpha 2 OS=Homo sapiens OX=9606 GN=IGHA2 PE=1 SV=4,P01877,IGHA2,K.HYTNSSQDVTVPCR.V.HexNAc(5)Hex(3)Fuc(1)
92,>sp|P01877|IGHA2_HUMAN Immunoglobulin heavy constant alpha 2 OS=Homo sapiens OX=9606 GN=IGHA2 PE=1 SV=4,P01877,IGHA2,K.HYTNSSQDVTVPCR.V.HexNAc(4)Hex(6)Fuc(1)NeuAc(1)
92,>sp|P01877|IGHA2_HUMAN Immunoglobulin heavy constant alpha 2 OS=Homo sapiens OX=9606 GN=IGHA2 PE=1 SV=4,P01877,IGHA2,K.HYTNSSQDVTVPCR.V.HexNAc(4)Hex(4)Fuc(1)NeuAc(1)
205,>sp|P01877|IGHA2_HUMAN Immunoglobulin heavy constant alpha 2 OS=Homo sapiens OX=9606 GN=IGHA2 PE=1 SV=4,P01877,IGHA2,K.TPLTANITK.S.HexNAc(5)Hex(6)Fuc(1)NeuAc(1)
205,>sp|P01877|IGHA2_HUMAN Immunoglobulin heavy constant alpha 2 OS=Homo sapiens OX=9606 GN=IGHA2 PE=1 SV=4,P01877,IGHA2,K.TPLTANITK.S.HexNAc(4)Hex(5)NeuAc(2)
205,>sp|P01877|IGHA2_HUMAN Immunoglobulin heavy constant alpha 2 OS=Homo sapiens OX=9606 GN=IGHA2 PE=1 SV=4,P01877,IGHA2,K.TPLTANITK.S.HexNAc(5)Hex(3)Fuc(1)
327,>sp|P01877|IGHA2_HUMAN Immunoglobulin heavy constant alpha 2 OS=Homo sapiens OX=9606 GN=IGHA2 PE=1 SV=4,P01877,IGHA2,R.MAGKPTHINVSVVMAEADGTC.Y.HexNAc(4)Hex(5)Fuc(1)NeuAc(1)
686,>sp|P02671|FIBA_HUMAN Fibrinogen alpha chain OS=Homo sapiens OX=9606 GN=FGA PE=1 SV=2,P02671,FIBA,R.MDGSLNFNR.T.HexNAc(4)Hex(5)NeuAc(2)
325,>sp|P02750|A2GL_HUMAN Leucine-rich alpha-2-glycoprotein OS=Homo sapiens OX=9606 GN=LRG1 PE=1 SV=2,P02750,A2GL,K.MFSQNDTR.C.HexNAc(4)Hex(5)Fuc(1)NeuAc(2)
56,>sp|P02763|A1AG1_HUMAN Alpha-1-acid glycoprotein 1 OS=Homo sapiens OX=9606 GN=ORM1 PE=1 SV=1,P02763,A1AG1,R.NEEYNK.S.HexNAc(5)Hex(6)Fuc(1)NeuAc(3)
56,>sp|P02763|A1AG1_HUMAN Alpha-1-acid glycoprotein 1 OS=Homo sapiens OX=9606 GN=ORM1 PE=1 SV=1,P02763,A1AG1,R.NEEYNK.S.HexNAc(4)Hex(5)NeuAc(1)
56,>sp|P02763|A1AG1_HUMAN Alpha-1-acid glycoprotein 1 OS=Homo sapiens OX=9606 GN=ORM1 PE=1 SV=1,P02763,A1AG1,R.NEEYNK.S.HexNAc(3)Hex(4)NeuAc(1)
93,>sp|P02763|A1AG1_HUMAN Alpha-1-acid glycoprotein 1 OS=Homo sapiens OX=9606 GN=ORM1 PE=1 SV=1,P02763,A1AG1,R.QDQCIYNTTYLNVQR.E.HexNAc(8)Hex(9)Fuc(1)NeuAc(4)
93,>sp|P02763|A1AG1_HUMAN Alpha-1-acid glycoprotein 1 OS=Homo sapiens OX=9606 GN=ORM1 PE=1 SV=1,P02763,A1AG1,R.QDQCIYNTTYLNVQR.E.HexNAc(7)Hex(8)Fuc(1)NeuAc(3)
93,>sp|P02763|A1AG1_HUMAN Alpha-1-acid glycoprotein 1 OS=Homo sapiens OX=9606 GN=ORM1 PE=1 SV=1,P02763,A1AG1,R.QDQCIYNTTYLNVQR.E.HexNAc(6)Hex(8)Fuc(1)NeuAc(1)
93,>sp|P02763|A1AG1_HUMAN Alpha-1-acid glycoprotein 1 OS=Homo sapiens OX=9606 GN=ORM1 PE=1 SV=1,P02763,A1AG1,R.QDQCIYNTTYLNVQR.E.HexNAc(6)Hex(7)Fuc(1)NeuAc(1)
93,>sp|P02763|A1AG1_HUMAN Alpha-1-acid glycoprotein 1 OS=Homo sapiens OX=9606 GN=ORM1 PE=1 SV=1,P02763,A1AG1,R.QDQCIYNTTYLNVQR.E.HexNAc(5)Hex(7)Fuc(1)NeuAc(1)
93,>sp|P02763|A1AG1_HUMAN Alpha-1-acid glycoprotein 1 OS=Homo sapiens OX=9606 GN=ORM1 PE=1 SV=1,P02763,A1AG1,R.QDQCIYNTTYLNVQR.E.HexNAc(5)Hex(6)Fuc(1)NeuAc(1)
93,>sp|P02763|A1AG1_HUMAN Alpha-1-acid glycoprotein 1 OS=Homo sapiens OX=9606 GN=ORM1 PE=1 SV=1,P02763,A1AG1,R.QDQCIYNTTYLNVQR.E.HexNAc(4)Hex(5)Fuc(1)NeuAc(2)
93,>sp|P02763|A1AG1_HUMAN Alpha-1-acid glycoprotein 1 OS=Homo sapiens OX=9606 GN=ORM1 PE=1 SV=1,P02763,A1AG1,R.QDQCIYNTTYLNVQR.E.HexNAc(5)Hex(6)NeuAc(1)
93,>sp|P02763|A1AG1_HUMAN Alpha-1-acid glycoprotein 1 OS=Homo sapiens OX=9606 GN=ORM1 PE=1 SV=1,P02763,A1AG1,R.QDQCIYNTTYLNVQR.E.HexNAc(4)Hex(5)NeuAc(2)
93,>sp|P02763|A1AG1_HUMAN Alpha-1-acid glycoprotein 1 OS=Homo sapiens OX=9606 GN=ORM1 PE=1 SV=1,P02763,A1AG1,R.QDQCIYNTTYLNVQR.E.HexNAc(2)Hex(11)
93,>sp|P02763|A1AG1_HUMAN Alpha-1-acid glycoprotein 1 OS=Homo sapiens OX=9606 GN=ORM1 PE=1 SV=1,P02763,A1AG1,R.QDQCIYNTTYLNVQR.E.HexNAc(4)Hex(5)NeuAc(1)
93,>sp|P02763|A1AG1_HUMAN Alpha-1-acid glycoprotein 1 OS=Homo sapiens OX=9606 GN=ORM1 PE=1 SV=1,P02763,A1AG1,R.QDQCIYNTTYLNVQR.E.HexNAc(6)Hex(9)Fuc(1)NeuAc(2)
103,>sp|P02763|A1AG1_HUMAN Alpha-1-acid glycoprotein 1 OS=Homo sapiens OX=9606 GN=ORM1 PE=1 SV=1,P02763,A1AG1,R.ENGTISR.Y.HexNAc(7)Hex(8)Fuc(1)NeuAc(4)
103,>sp|P02763|A1AG1_HUMAN Alpha-1-acid glycoprotein 1 OS=Homo sapiens OX=9606 GN=ORM1 PE=1 SV=1,P02763,A1AG1,R.ENGTISR.Y.HexNAc(5)Hex(6)Fuc(1)NeuAc(3)
103,>sp|P02763|A1AG1_HUMAN Alpha-1-acid glycoprotein 1 OS=Homo sapiens OX=9606 GN=ORM1 PE=1 SV=1,P02763,A1AG1,R.ENGTISR.Y.HexNAc(5)Hex(6)Fuc(1)NeuAc(2)
103,>sp|P02763|A1AG1_HUMAN Alpha-1-acid glycoprotein 1 OS=Homo sapiens OX=9606 GN=ORM1 PE=1 SV=1,P02763,A1AG1,R.ENGTISR.Y.HexNAc(4)Hex(5)NeuAc(2)
103,>sp|P02763|A1AG1_HUMAN Alpha-1-acid glycoprotein 1 OS=Homo sapiens OX=9606 GN=ORM1 PE=1 SV=1,P02763,A1AG1,R.ENGTISR.Y.HexNAc(4)Hex(5)Fuc(1)NeuAc(2)
432,>sp|P02787|TRFE_HUMAN Serotransferrin OS=Homo sapiens OX=9606 GN=TF PE=1 SV=3,P02787,TRFE,K.CGLVPVLAENYNK.S.HexNAc(5)Hex(6)NeuAc(3)
432,>sp|P02787|TRFE_HUMAN Serotransferrin OS=Homo sapiens OX=9606 GN=TF PE=1 SV=3,P02787,TRFE,K.CGLVPVLAENYNK.S.HexNAc(5)Hex(6)NeuAc(2)
432,>sp|P02787|TRFE_HUMAN Serotransferrin OS=Homo sapiens OX=9606 GN=TF PE=1 SV=3,P02787,TRFE,K.CGLVPVLAENYNK.S.HexNAc(4)Hex(5)Fuc(1)NeuAc(2)
432,>sp|P02787|TRFE_HUMAN Serotransferrin OS=Homo sapiens OX=9606 GN=TF PE=1 SV=3,P02787,TRFE,K.CGLVPVLAENYNK.S.HexNAc(5)Hex(6)NeuAc(1)
432,>sp|P02787|TRFE_HUMAN Serotransferrin OS=Homo sapiens OX=9606 GN=TF PE=1 SV=3,P02787,TRFE,K.CGLVPVLAENYNK.S.HexNAc(4)Hex(5)NeuAc(2)
432,>sp|P02787|TRFE_HUMAN Serotransferrin OS=Homo sapiens OX=9606 GN=TF PE=1 SV=3,P02787,TRFE,K.CGLVPVLAENYNK.S.HexNAc(4)Hex(6)NeuAc(1)
432,>sp|P02787|TRFE_HUMAN Serotransferrin OS=Homo sapiens OX=9606 GN=TF PE=1 SV=3,P02787,TRFE,K.CGLVPVLAENYNK.S.HexNAc(4)Hex(5)Fuc(1)NeuAc(1)
432,>sp|P02787|TRFE_HUMAN Serotransferrin OS=Homo sapiens OX=9606 GN=TF PE=1 SV=3,P02787,TRFE,K.CGLVPVLAENYNK.S.HexNAc(4)Hex(5)NeuAc(1)
432,>sp|P02787|TRFE_HUMAN Serotransferrin OS=Homo sapiens OX=9606 GN=TF PE=1 SV=3,P02787,TRFE,K.CGLVPVLAENYNK.S.HexNAc(3)Hex(4)NeuAc(1)
630,>sp|P02787|TRFE_HUMAN Serotransferrin OS=Homo sapiens OX=9606 GN=TF PE=1 SV=3,P02787,TRFE,R.QQQHLFGSNVTDCSGNFCLFR.S.HexNAc(5)Hex(6)Fuc(1)NeuAc(3)
630,>sp|P02787|TRFE_HUMAN Serotransferrin OS=Homo sapiens OX=9606 GN=TF PE=1 SV=3,P02787,TRFE,R.QQQHLFGSNVTDCSGNFCLFR.S.HexNAc(4)Hex(5)Fuc(1)NeuAc(2)
630,>sp|P02787|TRFE_HUMAN Serotransferrin OS=Homo sapiens OX=9606 GN=TF PE=1 SV=3,P02787,TRFE,R.QQQHLFGSNVTDCSGNFCLFR.S.HexNAc(4)Hex(5)NeuAc(2)
630,>sp|P02787|TRFE_HUMAN Serotransferrin OS=Homo sapiens OX=9606 GN=TF PE=1 SV=3,P02787,TRFE,R.QQQHLFGSNVTDCSGNFCLFR.S.HexNAc(2)Hex(11)
630,>sp|P02787|TRFE_HUMAN Serotransferrin OS=Homo sapiens OX=9606 GN=TF PE=1 SV=3,P02787,TRFE,R.QQQHLFGSNVTDCSGNFCLFR.S.HexNAc(4)Hex(5)NeuAc(1)
65,>sp|P05090|APOD_HUMAN Apolipoprotein D OS=Homo sapiens OX=9606 GN=APOD PE=1 SV=1,P05090,APOD,R.CIQANYSLMENGK.I.HexNAc(5)Hex(6)NeuAc(3)
65,>sp|P05090|APOD_HUMAN Apolipoprotein D OS=Homo sapiens OX=9606 GN=APOD PE=1 SV=1,P05090,APOD,R.CIQANYSLMENGK.I.HexNAc(5)Hex(6)NeuAc(2)
65,>sp|P05090|APOD_HUMAN Apolipoprotein D OS=Homo sapiens OX=9606 GN=APOD PE=1 SV=1,P05090,APOD,R.CIQANYSLMENGK.I.HexNAc(4)Hex(5)NeuAc(2)
65,>sp|P05090|APOD_HUMAN Apolipoprotein D OS=Homo sapiens OX=9606 GN=APOD PE=1 SV=1,P05090,APOD,R.CIQANYSLMENGK.I.HexNAc(4)Hex(5)NeuAc(1)
98,>sp|P05090|APOD_HUMAN Apolipoprotein D OS=Homo sapiens OX=9606 GN=APOD PE=1 SV=1,P05090,APOD,R.ADGTVNQIEGEATPVNLTEPAK.L.HexNAc(7)Hex(8)Fuc(1)NeuAc(3)
98,>sp|P05090|APOD_HUMAN Apolipoprotein D OS=Homo sapiens OX=9606 GN=APOD PE=1 SV=1,P05090,APOD,R.ADGTVNQIEGEATPVNLTEPAK.L.HexNAc(6)Hex(7)Fuc(1)NeuAc(2)
98,>sp|P05090|APOD_HUMAN Apolipoprotein D OS=Homo sapiens OX=9606 GN=APOD PE=1 SV=1,P05090,APOD,R.ADGTVNQIEGEATPVNLTEPAK.L.HexNAc(5)Hex(6)Fuc(1)NeuAc(3)
98,>sp|P05090|APOD_HUMAN Apolipoprotein D OS=Homo sapiens OX=9606 GN=APOD PE=1 SV=1,P05090,APOD,R.ADGTVNQIEGEATPVNLTEPAK.L.HexNAc(5)Hex(6)Fuc(1)NeuAc(2)
98,>sp|P05090|APOD_HUMAN Apolipoprotein D OS=Homo sapiens OX=9606 GN=APOD PE=1 SV=1,P05090,APOD,R.ADGTVNQIEGEATPVNLTEPAK.L.HexNAc(5)Hex(6)NeuAc(2)
98,>sp|P05090|APOD_HUMAN Apolipoprotein D OS=Homo sapiens OX=9606 GN=APOD PE=1 SV=1,P05090,APOD,R.ADGTVNQIEGEATPVNLTEPAK.L.HexNAc(5)Hex(6)NeuAc(1)
98,>sp|P05090|APOD_HUMAN Apolipoprotein D OS=Homo sapiens OX=9606 GN=APOD PE=1 SV=1,P05090,APOD,R.ADGTVNQIEGEATPVNLTEPAK.L.HexNAc(5)Hex(6)Fuc(1)
98,>sp|P05090|APOD_HUMAN Apolipoprotein D OS=Homo sapiens OX=9606 GN=APOD PE=1 SV=1,P05090,APOD,R.ADGTVNQIEGEATPVNLTEPAK.L.HexNAc(4)Hex(6)NeuAc(1)
98,>sp|P05090|APOD_HUMAN Apolipoprotein D OS=Homo sapiens OX=9606 GN=APOD PE=1 SV=1,P05090,APOD,R.ADGTVNQIEGEATPVNLTEPAK.L.HexNAc(4)Hex(4)Fuc(1)NeuAc(1)
98,>sp|P05090|APOD_HUMAN Apolipoprotein D OS=Homo sapiens OX=9606 GN=APOD PE=1 SV=1,P05090,APOD,R.ADGTVNQIEGEATPVNLTEPAK.L.HexNAc(7)Hex(8)Fuc(1)NeuAc(2)
355,>sp|P05164|PERM_HUMAN Myeloperoxidase OS=Homo sapiens OX=9606 GN=MPO PE=1 SV=1,P05164,PERM,R.NMSNQLGLLAVNQR.F.HexNAc(2)Hex(6)
36,>sp|P05543|THBG_HUMAN Thyroxine-binding globulin OS=Homo sapiens OX=9606 GN=SERPINA7 PE=1 SV=2,P05543,THBG,K.VTACHSSQPNATLYK.M.HexNAc(4)Hex(5)NeuAc(1)
36,>sp|P05543|THBG_HUMAN Thyroxine-binding globulin OS=Homo sapiens OX=9606 GN=SERPINA7 PE=1 SV=2,P05543,THBG,K.VTACHSSQPNATLYK.M.HexNAc(4)Hex(5)Fuc(1)NeuAc(2)
101,>sp|P07602|SAP_HUMAN Prosaposin OS=Homo sapiens OX=9606 GN=PSAP PE=1 SV=2,P07602,SAP,K.TCDWLPKPNMSASCK.E.HexNAc(3)Hex(4)Fuc(1)NeuAc(1)
101,>sp|P07602|SAP_HUMAN Prosaposin OS=Homo sapiens OX=9606 GN=PSAP PE=1 SV=2,P07602,SAP,K.TCDWLPKPNMSASCK.E.HexNAc(4)Hex(3)Fuc(1)
101,>sp|P07602|SAP_HUMAN Prosaposin OS=Homo sapiens OX=9606 GN=PSAP PE=1 SV=2,P07602,SAP,K.TCDWLPKPNMSASCK.E.HexNAc(4)Hex(5)Fuc(1)NeuAc(2)
232,>sp|P07911|UROM_HUMAN Uromodulin OS=Homo sapiens OX=9606 GN=UMOD PE=1 SV=1,P07911,UROM,R.CNTAAPMWLNGTHPSSDEGIVSR.K.HexNAc(6)Hex(7)Fuc(1)NeuAc(4)
232,>sp|P07911|UROM_HUMAN Uromodulin OS=Homo sapiens OX=9606 GN=UMOD PE=1 SV=1,P07911,UROM,R.CNTAAPMWLNGTHPSSDEGIVSR.K.HexNAc(7)Hex(7)Fuc(1)NeuAc(3)
232,>sp|P07911|UROM_HUMAN Uromodulin OS=Homo sapiens OX=9606 GN=UMOD PE=1 SV=1,P07911,UROM,R.CNTAAPMWLNGTHPSSDEGIVSR.K.HexNAc(6)Hex(7)NeuAc(4)
232,>sp|P07911|UROM_HUMAN Uromodulin OS=Homo sapiens OX=9606 GN=UMOD PE=1 SV=1,P07911,UROM,R.CNTAAPMWLNGTHPSSDEGIVSR.K.HexNAc(5)Hex(6)NeuAc(3)
232,>sp|P07911|UROM_HUMAN Uromodulin OS=Homo sapiens OX=9606 GN=UMOD PE=1 SV=1,P07911,UROM,R.CNTAAPMWLNGTHPSSDEGIVSR.K.HexNAc(6)Hex(6)NeuAc(2)
232,>sp|P07911|UROM_HUMAN Uromodulin OS=Homo sapiens OX=9606 GN=UMOD PE=1 SV=1,P07911,UROM,R.CNTAAPMWLNGTHPSSDEGIVSR.K.HexNAc(5)Hex(5)Fuc(1)NeuAc(2)
232,>sp|P07911|UROM_HUMAN Uromodulin OS=Homo sapiens OX=9606 GN=UMOD PE=1 SV=1,P07911,UROM,R.CNTAAPMWLNGTHPSSDEGIVSR.K.HexNAc(5)Hex(5)NeuAc(2)
232,>sp|P07911|UROM_HUMAN Uromodulin OS=Homo sapiens OX=9606 GN=UMOD PE=1 SV=1,P07911,UROM,R.CNTAAPMWLNGTHPSSDEGIVSR.K.HexNAc(5)Hex(4)Fuc(1)NeuAc(2)
232,>sp|P07911|UROM_HUMAN Uromodulin OS=Homo sapiens OX=9606 GN=UMOD PE=1 SV=1,P07911,UROM,R.CNTAAPMWLNGTHPSSDEGIVSR.K.HexNAc(4)Hex(5)Fuc(1)NeuAc(2)
232,>sp|P07911|UROM_HUMAN Uromodulin OS=Homo sapiens OX=9606 GN=UMOD PE=1 SV=1,P07911,UROM,R.CNTAAPMWLNGTHPSSDEGIVSR.K.HexNAc(5)Hex(4)NeuAc(2)
232,>sp|P07911|UROM_HUMAN Uromodulin OS=Homo sapiens OX=9606 GN=UMOD PE=1 SV=1,P07911,UROM,R.CNTAAPMWLNGTHPSSDEGIVSR.K.HexNAc(4)Hex(7)NeuAc(1)
232,>sp|P07911|UROM_HUMAN Uromodulin OS=Homo sapiens OX=9606 GN=UMOD PE=1 SV=1,P07911,UROM,R.CNTAAPMWLNGTHPSSDEGIVSR.K.HexNAc(4)Hex(5)NeuAc(2)
232,>sp|P07911|UROM_HUMAN Uromodulin OS=Homo sapiens OX=9606 GN=UMOD PE=1 SV=1,P07911,UROM,R.CNTAAPMWLNGTHPSSDEGIVSR.K.HexNAc(5)Hex(4)Fuc(1)NeuAc(1)
232,>sp|P07911|UROM_HUMAN Uromodulin OS=Homo sapiens OX=9606 GN=UMOD PE=1 SV=1,P07911,UROM,R.CNTAAPMWLNGTHPSSDEGIVSR.K.HexNAc(4)Hex(5)Fuc(1)NeuAc(1)
232,>sp|P07911|UROM_HUMAN Uromodulin OS=Homo sapiens OX=9606 GN=UMOD PE=1 SV=1,P07911,UROM,R.CNTAAPMWLNGTHPSSDEGIVSR.K.HexNAc(5)Hex(4)NeuAc(1)
232,>sp|P07911|UROM_HUMAN Uromodulin OS=Homo sapiens OX=9606 GN=UMOD PE=1 SV=1,P07911,UROM,R.CNTAAPMWLNGTHPSSDEGIVSR.K.HexNAc(4)Hex(5)NeuAc(1)
232,>sp|P07911|UROM_HUMAN Uromodulin OS=Homo sapiens OX=9606 GN=UMOD PE=1 SV=1,P07911,UROM,R.CNTAAPMWLNGTHPSSDEGIVSR.K.HexNAc(2)Hex(8)
232,>sp|P07911|UROM_HUMAN Uromodulin OS=Homo sapiens OX=9606 GN=UMOD PE=1 SV=1,P07911,UROM,R.CNTAAPMWLNGTHPSSDEGIVSR.K.HexNAc(6)Hex(7)NeuAc(3)
232,>sp|P07911|UROM_HUMAN Uromodulin OS=Homo sapiens OX=9606 GN=UMOD PE=1 SV=1,P07911,UROM,R.CNTAAPMWLNGTHPSSDEGIVSR.K.HexNAc(6)Hex(7)NeuAc(2)
232,>sp|P07911|UROM_HUMAN Uromodulin OS=Homo sapiens OX=9606 GN=UMOD PE=1 SV=1,P07911,UROM,R.CNTAAPMWLNGTHPSSDEGIVSR.K.HexNAc(6)Hex(3)Fuc(1)NeuAc(1)
322,>sp|P07911|UROM_HUMAN Uromodulin OS=Homo sapiens OX=9606 GN=UMOD PE=1 SV=1,P07911,UROM,K.QDFNITDISLLEHR.L.HexNAc(6)Hex(7)Fuc(1)NeuAc(3)
513,>sp|P07911|UROM_HUMAN Uromodulin OS=Homo sapiens OX=9606 GN=UMOD PE=1 SV=1,P07911,UROM,R.FALLMTNCYATPSSNATDPLK.Y.HexNAc(6)Hex(6)Fuc(1)NeuAc(3)
513,>sp|P07911|UROM_HUMAN Uromodulin OS=Homo sapiens OX=9606 GN=UMOD PE=1 SV=1,P07911,UROM,R.FALLMTNCYATPSSNATDPLK.Y.HexNAc(6)Hex(5)Fuc(1)NeuAc(3)
513,>sp|P07911|UROM_HUMAN Uromodulin OS=Homo sapiens OX=9606 GN=UMOD PE=1 SV=1,P07911,UROM,R.FALLMTNCYATPSSNATDPLK.Y.HexNAc(5)Hex(6)Fuc(1)NeuAc(3)
513,>sp|P07911|UROM_HUMAN Uromodulin OS=Homo sapiens OX=9606 GN=UMOD PE=1 SV=1,P07911,UROM,R.FALLMTNCYATPSSNATDPLK.Y.HexNAc(6)Hex(6)Fuc(1)NeuAc(2)
513,>sp|P07911|UROM_HUMAN Uromodulin OS=Homo sapiens OX=9606 GN=UMOD PE=1 SV=1,P07911,UROM,R.FALLMTNCYATPSSNATDPLK.Y.HexNAc(5)Hex(6)Fuc(1)NeuAc(2)
513,>sp|P07911|UROM_HUMAN Uromodulin OS=Homo sapiens OX=9606 GN=UMOD PE=1 SV=1,P07911,UROM,R.FALLMTNCYATPSSNATDPLK.Y.HexNAc(5)Hex(5)Fuc(1)NeuAc(2)
513,>sp|P07911|UROM_HUMAN Uromodulin OS=Homo sapiens OX=9606 GN=UMOD PE=1 SV=1,P07911,UROM,R.FALLMTNCYATPSSNATDPLK.Y.HexNAc(4)Hex(5)Fuc(1)NeuAc(2)
513,>sp|P07911|UROM_HUMAN Uromodulin OS=Homo sapiens OX=9606 GN=UMOD PE=1 SV=1,P07911,UROM,R.FALLMTNCYATPSSNATDPLK.Y.HexNAc(5)Hex(4)Fuc(1)NeuAc(1)
513,>sp|P07911|UROM_HUMAN Uromodulin OS=Homo sapiens OX=9606 GN=UMOD PE=1 SV=1,P07911,UROM,R.FALLMTNCYATPSSNATDPLK.Y.HexNAc(5)Hex(5)NeuAc(1)
513,>sp|P07911|UROM_HUMAN Uromodulin OS=Homo sapiens OX=9606 GN=UMOD PE=1 SV=1,P07911,UROM,R.FALLMTNCYATPSSNATDPLK.Y.HexNAc(4)Hex(5)Fuc(1)NeuAc(1)
513,>sp|P07911|UROM_HUMAN Uromodulin OS=Homo sapiens OX=9606 GN=UMOD PE=1 SV=1,P07911,UROM,R.FALLMTNCYATPSSNATDPLK.Y.HexNAc(6)Hex(6)NeuAc(2)
513,>sp|P07911|UROM_HUMAN Uromodulin OS=Homo sapiens OX=9606 GN=UMOD PE=1 SV=1,P07911,UROM,R.FALLMTNCYATPSSNATDPLK.Y.HexNAc(5)Hex(6)Fuc(1)NeuAc(1)
62,>sp|P07998|RNAS1_HUMAN Ribonuclease pancreatic OS=Homo sapiens OX=9606 GN=RNASE1 PE=1 SV=4,P07998,RNAS1,R.NMTQGR.C.HexNAc(4)Hex(5)Fuc(1)NeuAc(2)
62,>sp|P07998|RNAS1_HUMAN Ribonuclease pancreatic OS=Homo sapiens OX=9606 GN=RNASE1 PE=1 SV=4,P07998,RNAS1,R.NMTQGR.C.HexNAc(4)Hex(5)Fuc(1)NeuAc(1)
104,>sp|P07998|RNAS1_HUMAN Ribonuclease pancreatic OS=Homo sapiens OX=9606 GN=RNASE1 PE=1 SV=4,P07998,RNAS1,K.SNSSMHITDCR.L.HexNAc(8)Hex(9)Fuc(1)NeuAc(3)
104,>sp|P07998|RNAS1_HUMAN Ribonuclease pancreatic OS=Homo sapiens OX=9606 GN=RNASE1 PE=1 SV=4,P07998,RNAS1,K.SNSSMHITDCR.L.HexNAc(7)Hex(8)Fuc(1)NeuAc(2)
104,>sp|P07998|RNAS1_HUMAN Ribonuclease pancreatic OS=Homo sapiens OX=9606 GN=RNASE1 PE=1 SV=4,P07998,RNAS1,K.SNSSMHITDCR.L.HexNAc(6)Hex(7)Fuc(1)NeuAc(2)
95,>sp|P08174|DAF_HUMAN Complement decay-accelerating factor OS=Homo sapiens OX=9606 GN=CD55 PE=1 SV=4,P08174,DAF,K.GSQWSDIEEFCNR.S.HexNAc(4)Hex(5)NeuAc(2)
285,>sp|P08473|NEP_HUMAN Neprilysin OS=Homo sapiens OX=9606 GN=MME PE=1 SV=2,P08473,NEP,K.EIANATAKPEDR.N.HexNAc(5)Hex(5)Fuc(1)
151,>sp|P08571|CD14_HUMAN Monocyte differentiation antigen CD14 OS=Homo sapiens OX=9606 GN=CD14 PE=1 SV=2,P08571,CD14,R.NVSWATGR.S.HexNAc(4)Hex(5)NeuAc(2)
151,>sp|P08571|CD14_HUMAN Monocyte differentiation antigen CD14 OS=Homo sapiens OX=9606 GN=CD14 PE=1 SV=2,P08571,CD14,R.NVSWATGR.S.HexNAc(4)Hex(5)NeuAc(1)
111,>sp|P10153|RNAS2_HUMAN Non-secretory ribonuclease OS=Homo sapiens OX=9606 GN=RNASE2 PE=1 SV=2,P10153,RNAS2,K.NCHHSGSQVPLIHCNLTTPSPQNISNCR.Y.HexNAc(4)Hex(5)Fuc(1)NeuAc(2)
111,>sp|P10153|RNAS2_HUMAN Non-secretory ribonuclease OS=Homo sapiens OX=9606 GN=RNASE2 PE=1 SV=2,P10153,RNAS2,K.NCHHSGSQVPLIHCNLTTPSPQNISNCR.Y.HexNAc(4)Hex(5)NeuAc(2)
111,>sp|P10153|RNAS2_HUMAN Non-secretory ribonuclease OS=Homo sapiens OX=9606 GN=RNASE2 PE=1 SV=2,P10153,RNAS2,K.NCHHSGSQVPLIHCNLTTPSPQNISNCR.Y.HexNAc(4)Hex(5)Fuc(1)NeuAc(1)
111,>sp|P10153|RNAS2_HUMAN Non-secretory ribonuclease OS=Homo sapiens OX=9606 GN=RNASE2 PE=1 SV=2,P10153,RNAS2,K.NCHHSGSQVPLIHCNLTTPSPQNISNCR.Y.HexNAc(2)Hex(2)Fuc(1); HexNAc(1)
111,>sp|P10153|RNAS2_HUMAN Non-secretory ribonuclease OS=Homo sapiens OX=9606 GN=RNASE2 PE=1 SV=2,P10153,RNAS2,K.NCHHSGSQVPLIHCNLTTPSPQNISNCR.Y.HexNAc(1); HexNAc(2)Hex(2)Fuc(1)
111,>sp|P10153|RNAS2_HUMAN Non-secretory ribonuclease OS=Homo sapiens OX=9606 GN=RNASE2 PE=1 SV=2,P10153,RNAS2,K.NCHHSGSQVPLIHCNLTTPSPQNISNCR.Y.HexNAc(2)Fuc(1); HexNAc(1)
111,>sp|P10153|RNAS2_HUMAN Non-secretory ribonuclease OS=Homo sapiens OX=9606 GN=RNASE2 PE=1 SV=2,P10153,RNAS2,K.NCHHSGSQVPLIHCNLTTPSPQNISNCR.Y.HexNAc(2); HexNAc(1)
111,>sp|P10153|RNAS2_HUMAN Non-secretory ribonuclease OS=Homo sapiens OX=9606 GN=RNASE2 PE=1 SV=2,P10153,RNAS2,K.NCHHSGSQVPLIHCNLTTPSPQNISNCR.Y.HexNAc(1)Fuc(1); HexNAc(1)
111,>sp|P10153|RNAS2_HUMAN Non-secretory ribonuclease OS=Homo sapiens OX=9606 GN=RNASE2 PE=1 SV=2,P10153,RNAS2,K.NCHHSGSQVPLIHCNLTTPSPQNISNCR.Y.HexNAc(1); HexNAc(2)Fuc(1)
111,>sp|P10153|RNAS2_HUMAN Non-secretory ribonuclease OS=Homo sapiens OX=9606 GN=RNASE2 PE=1 SV=2,P10153,RNAS2,K.NCHHSGSQVPLIHCNLTTPSPQNISNCR.Y.HexNAc(1)Fuc(1); HexNAc(2)
111,>sp|P10153|RNAS2_HUMAN Non-secretory ribonuclease OS=Homo sapiens OX=9606 GN=RNASE2 PE=1 SV=2,P10153,RNAS2,K.NCHHSGSQVPLIHCNLTTPSPQNISNCR.Y.HexNAc(2)
119,>sp|P10153|RNAS2_HUMAN Non-secretory ribonuclease OS=Homo sapiens OX=9606 GN=RNASE2 PE=1 SV=2,P10153,RNAS2,K.NCHHSGSQVPLIHCNLTTPSPQNISNCR.Y.HexNAc(2)Fuc(1)
119,>sp|P10153|RNAS2_HUMAN Non-secretory ribonuclease OS=Homo sapiens OX=9606 GN=RNASE2 PE=1 SV=2,P10153,RNAS2,K.NCHHSGSQVPLIHCNLTTPSPQNISNCR.Y.HexNAc(5)Hex(5)Fuc(1)NeuAc(1)
119,>sp|P10153|RNAS2_HUMAN Non-secretory ribonuclease OS=Homo sapiens OX=9606 GN=RNASE2 PE=1 SV=2,P10153,RNAS2,K.NCHHSGSQVPLIHCNLTTPSPQNISNCR.Y.HexNAc(2)Hex(1)
470,>sp|P10253|LYAG_HUMAN Lysosomal alpha-glucosidase OS=Homo sapiens OX=9606 GN=GAA PE=1 SV=4,P10253,LYAG,R.RGVFITNETGQPLIGK.V.HexNAc(2)Hex(7)
470,>sp|P10253|LYAG_HUMAN Lysosomal alpha-glucosidase OS=Homo sapiens OX=9606 GN=GAA PE=1 SV=4,P10253,LYAG,R.RGVFITNETGQPLIGK.V.HexNAc(2)Hex(6)
86,>sp|P10909|CLUS_HUMAN Clusterin OS=Homo sapiens OX=9606 GN=CLU PE=1 SV=1,P10909,CLUS,K.KKEDALNETR.E.HexNAc(5)Hex(6)Fuc(1)NeuAc(3)
86,>sp|P10909|CLUS_HUMAN Clusterin OS=Homo sapiens OX=9606 GN=CLU PE=1 SV=1,P10909,CLUS,K.KKEDALNETR.E.HexNAc(4)Hex(5)NeuAc(2)
86,>sp|P10909|CLUS_HUMAN Clusterin OS=Homo sapiens OX=9606 GN=CLU PE=1 SV=1,P10909,CLUS,K.EDALNETR.E.HexNAc(5)Hex(6)Fuc(1)NeuAc(3)
291,>sp|P10909|CLUS_HUMAN Clusterin OS=Homo sapiens OX=9606 GN=CLU PE=1 SV=1,P10909,CLUS,R.HNSTGCLR.M.HexNAc(4)Hex(5)Fuc(1)NeuAc(2)
291,>sp|P10909|CLUS_HUMAN Clusterin OS=Homo sapiens OX=9606 GN=CLU PE=1 SV=1,P10909,CLUS,R.HNSTGCLR.M.HexNAc(6)Hex(3)Fuc(1)NeuAc(1)
291,>sp|P10909|CLUS_HUMAN Clusterin OS=Homo sapiens OX=9606 GN=CLU PE=1 SV=1,P10909,CLUS,R.HNSTGCLR.M.HexNAc(5)Hex(4)Fuc(1)NeuAc(1)
291,>sp|P10909|CLUS_HUMAN Clusterin OS=Homo sapiens OX=9606 GN=CLU PE=1 SV=1,P10909,CLUS,R.HNSTGCLR.M.HexNAc(4)Hex(5)Fuc(1)NeuAc(1)
374,>sp|P10909|CLUS_HUMAN Clusterin OS=Homo sapiens OX=9606 GN=CLU PE=1 SV=1,P10909,CLUS,R.LANLTQGEDQYYLR.V.HexNAc(5)Hex(4)Fuc(1)NeuAc(2)
374,>sp|P10909|CLUS_HUMAN Clusterin OS=Homo sapiens OX=9606 GN=CLU PE=1 SV=1,P10909,CLUS,R.LANLTQGEDQYYLR.V.HexNAc(6)Hex(3)Fuc(1)NeuAc(1)
92,>sp|P11117|PPAL_HUMAN Lysosomal acid phosphatase OS=Homo sapiens OX=9606 GN=ACP2 PE=1 SV=3,P11117,PPAL,R.YHGFLNTSYHR.Q.HexNAc(4)Hex(3)Fuc(1)
103,>sp|P11279|LAMP1_HUMAN Lysosome-associated membrane glycoprotein 1 OS=Homo sapiens OX=9606 GN=LAMP1 PE=1 SV=3,P11279,LAMP1,R.GHTLTLNFTR.N.HexNAc(3)Hex(6)NeuAc(1)
103,>sp|P11279|LAMP1_HUMAN Lysosome-associated membrane glycoprotein 1 OS=Homo sapiens OX=9606 GN=LAMP1 PE=1 SV=3,P11279,LAMP1,R.GHTLTLNFTR.N.HexNAc(4)Hex(6)
103,>sp|P11279|LAMP1_HUMAN Lysosome-associated membrane glycoprotein 1 OS=Homo sapiens OX=9606 GN=LAMP1 PE=1 SV=3,P11279,LAMP1,R.GHTLTLNFTR.N.HexNAc(4)Hex(5)
212,>sp|P12109|CO6A1_HUMAN Collagen alpha-1(VI) chain OS=Homo sapiens OX=9606 GN=COL6A1 PE=1 SV=3,P12109,CO6A1,R.NFTAADWGQSR.D.HexNAc(4)Hex(5)Fuc(1)NeuAc(1)
212,>sp|P12109|CO6A1_HUMAN Collagen alpha-1(VI) chain OS=Homo sapiens OX=9606 GN=COL6A1 PE=1 SV=3,P12109,CO6A1,R.NFTAADWGQSR.D.HexNAc(6)Hex(3)Fuc(1)NeuAc(1)
714,>sp|P12821|ACE_HUMAN Angiotensin-converting enzyme OS=Homo sapiens OX=9606 GN=ACE PE=1 SV=1,P12821,ACE,R.KFDVNQLQNTTIK.R.HexNAc(3)Hex(6)Fuc(1)
714,>sp|P12821|ACE_HUMAN Angiotensin-converting enzyme OS=Homo sapiens OX=9606 GN=ACE PE=1 SV=1,P12821,ACE,R.KFDVNQLQNTTIK.R.HexNAc(2)Hex(7)
257,>sp|P13473|LAMP2_HUMAN Lysosome-associated membrane glycoprotein 2 OS=Homo sapiens OX=9606 GN=LAMP2 PE=1 SV=2,P13473,LAMP2,K.VASVININPNTTHSTGSCR.S.HexNAc(6)Hex(6)NeuAc(2)
257,>sp|P13473|LAMP2_HUMAN Lysosome-associated membrane glycoprotein 2 OS=Homo sapiens OX=9606 GN=LAMP2 PE=1 SV=2,P13473,LAMP2,K.VASVININPNTTHSTGSCR.S.HexNAc(6)Hex(6)Fuc(1)
257,>sp|P13473|LAMP2_HUMAN Lysosome-associated membrane glycoprotein 2 OS=Homo sapiens OX=9606 GN=LAMP2 PE=1 SV=2,P13473,LAMP2,K.VASVININPNTTHSTGSCR.S.HexNAc(4)Hex(3)Fuc(1)
257,>sp|P13473|LAMP2_HUMAN Lysosome-associated membrane glycoprotein 2 OS=Homo sapiens OX=9606 GN=LAMP2 PE=1 SV=2,P13473,LAMP2,K.VASVININPNTTHSTGSCR.S.HexNAc(2)Hex(3)Fuc(1)
43,>sp|P13987|CD59_HUMAN CD59 glycoprotein OS=Homo sapiens OX=9606 GN=CD59 PE=1 SV=1,P13987,CD59,K.TAVNCSSDFDACLITK.A.HexNAc(5)Hex(6)Fuc(1)NeuAc(3)
43,>sp|P13987|CD59_HUMAN CD59 glycoprotein OS=Homo sapiens OX=9606 GN=CD59 PE=1 SV=1,P13987,CD59,K.TAVNCSSDFDACLITK.A.HexNAc(5)Hex(6)Fuc(1)NeuAc(2)
43,>sp|P13987|CD59_HUMAN CD59 glycoprotein OS=Homo sapiens OX=9606 GN=CD59 PE=1 SV=1,P13987,CD59,K.TAVNCSSDFDACLITK.A.HexNAc(5)Hex(5)Fuc(1)NeuAc(2)
43,>sp|P13987|CD59_HUMAN CD59 glycoprotein OS=Homo sapiens OX=9606 GN=CD59 PE=1 SV=1,P13987,CD59,K.TAVNCSSDFDACLITK.A.HexNAc(5)Hex(5)NeuAc(2)
43,>sp|P13987|CD59_HUMAN CD59 glycoprotein OS=Homo sapiens OX=9606 GN=CD59 PE=1 SV=1,P13987,CD59,K.TAVNCSSDFDACLITK.A.HexNAc(4)Hex(5)Fuc(1)NeuAc(2)
43,>sp|P13987|CD59_HUMAN CD59 glycoprotein OS=Homo sapiens OX=9606 GN=CD59 PE=1 SV=1,P13987,CD59,K.TAVNCSSDFDACLITK.A.HexNAc(4)Hex(5)NeuAc(2)
43,>sp|P13987|CD59_HUMAN CD59 glycoprotein OS=Homo sapiens OX=9606 GN=CD59 PE=1 SV=1,P13987,CD59,K.TAVNCSSDFDACLITK.A.HexNAc(4)Hex(5)Fuc(1)NeuAc(1)
43,>sp|P13987|CD59_HUMAN CD59 glycoprotein OS=Homo sapiens OX=9606 GN=CD59 PE=1 SV=1,P13987,CD59,K.TAVNCSSDFDACLITK.A.HexNAc(5)Hex(5)Fuc(1)
43,>sp|P13987|CD59_HUMAN CD59 glycoprotein OS=Homo sapiens OX=9606 GN=CD59 PE=1 SV=1,P13987,CD59,K.TAVNCSSDFDACLITK.A.HexNAc(4)Hex(5)Fuc(1)
43,>sp|P13987|CD59_HUMAN CD59 glycoprotein OS=Homo sapiens OX=9606 GN=CD59 PE=1 SV=1,P13987,CD59,K.TAVNCSSDFDACLITK.A.HexNAc(5)Hex(6)Fuc(1)NeuAc(1)
128,>sp|P15144|AMPN_HUMAN Aminopeptidase N OS=Homo sapiens OX=9606 GN=ANPEP PE=1 SV=4,P15144,AMPN,K.KLNYTLSQGHR.V.HexNAc(5)Hex(4)Fuc(1)
128,>sp|P15144|AMPN_HUMAN Aminopeptidase N OS=Homo sapiens OX=9606 GN=ANPEP PE=1 SV=4,P15144,AMPN,K.KLNYTLSQGHR.V.HexNAc(4)Hex(5)
128,>sp|P15144|AMPN_HUMAN Aminopeptidase N OS=Homo sapiens OX=9606 GN=ANPEP PE=1 SV=4,P15144,AMPN,K.KLNYTLSQGHR.V.HexNAc(4)Hex(4)
128,>sp|P15144|AMPN_HUMAN Aminopeptidase N OS=Homo sapiens OX=9606 GN=ANPEP PE=1 SV=4,P15144,AMPN,K.KLNYTLSQGHR.V.HexNAc(5)Hex(5)
128,>sp|P15144|AMPN_HUMAN Aminopeptidase N OS=Homo sapiens OX=9606 GN=ANPEP PE=1 SV=4,P15144,AMPN,K.KLNYTLSQGHR.V.HexNAc(2)Hex(5)
234,>sp|P15144|AMPN_HUMAN Aminopeptidase N OS=Homo sapiens OX=9606 GN=ANPEP PE=1 SV=4,P15144,AMPN,K.AEFNITLIHPK.D.HexNAc(6)Hex(5)Fuc(1)
94,>sp|P15309|PPAP_HUMAN Prostatic acid phosphatase OS=Homo sapiens OX=9606 GN=ACPP PE=1 SV=3,P15309,PPAP,K.FLNESYK.H.HexNAc(4)Hex(5)Fuc(1)NeuAc(1)
94,>sp|P15309|PPAP_HUMAN Prostatic acid phosphatase OS=Homo sapiens OX=9606 GN=ACPP PE=1 SV=3,P15309,PPAP,K.FLNESYK.H.HexNAc(4)Hex(5)Fuc(1)NeuAc(2)
94,>sp|P15309|PPAP_HUMAN Prostatic acid phosphatase OS=Homo sapiens OX=9606 GN=ACPP PE=1 SV=3,P15309,PPAP,K.FLNESYK.H.HexNAc(4)Hex(5)NeuAc(1)
333,>sp|P15309|PPAP_HUMAN Prostatic acid phosphatase OS=Homo sapiens OX=9606 GN=ACPP PE=1 SV=3,P15309,PPAP,R.NETQHEPYPLMLPGCSPSCPLER.F.HexNAc(2)Hex(7)
333,>sp|P15309|PPAP_HUMAN Prostatic acid phosphatase OS=Homo sapiens OX=9606 GN=ACPP PE=1 SV=3,P15309,PPAP,R.NETQHEPYPLMLPGCSPSCPLER.F.HexNAc(3)Hex(5)
333,>sp|P15309|PPAP_HUMAN Prostatic acid phosphatase OS=Homo sapiens OX=9606 GN=ACPP PE=1 SV=3,P15309,PPAP,R.NETQHEPYPLMLPGCSPSCPLER.F.HexNAc(2)Hex(6)
161,>sp|P15328|FOLR1_HUMAN Folate receptor alpha OS=Homo sapiens OX=9606 GN=FOLR1 PE=1 SV=3,P15328,FOLR1,K.GWNWTSGFNK.C.HexNAc(4)Hex(5)Fuc(1)NeuAc(2)
111,>sp|P15586|GNS_HUMAN N-acetylglucosamine-6-sulfatase OS=Homo sapiens OX=9606 GN=GNS PE=1 SV=3,P15586,GNS,K.YPHNHHVVNNTLEGNCSSK.S.HexNAc(2)Hex(9); HexNAc(2)Hex(6)
111,>sp|P15586|GNS_HUMAN N-acetylglucosamine-6-sulfatase OS=Homo sapiens OX=9606 GN=GNS PE=1 SV=3,P15586,GNS,K.YPHNHHVVNNTLEGNCSSK.S.HexNAc(2)Hex(9); HexNAc(2)Hex(8)
111,>sp|P15586|GNS_HUMAN N-acetylglucosamine-6-sulfatase OS=Homo sapiens OX=9606 GN=GNS PE=1 SV=3,P15586,GNS,K.YPHNHHVVNNTLEGNCSSK.S.HexNAc(2)Hex(9); HexNAc(2)Hex(7)
362,>sp|P15586|GNS_HUMAN N-acetylglucosamine-6-sulfatase OS=Homo sapiens OX=9606 GN=GNS PE=1 SV=3,P15586,GNS,R.GPGIKPNQTSK.M.HexNAc(2)Hex(6)
57,>sp|P16070|CD44_HUMAN CD44 antigen OS=Homo sapiens OX=9606 GN=CD44 PE=1 SV=3,P16070,CD44,K.AFNSTLPTMAQMEK.A.HexNAc(4)Hex(5)Fuc(1)NeuAc(2)
57,>sp|P16444|DPEP1_HUMAN Dipeptidase 1 OS=Homo sapiens OX=9606 GN=DPEP1 PE=1 SV=3,P16444,DPEP1,R.ANLTTLAGTHTNIPK.L.HexNAc(6)Hex(6)Fuc(1)NeuAc(2)
57,>sp|P16444|DPEP1_HUMAN Dipeptidase 1 OS=Homo sapiens OX=9606 GN=DPEP1 PE=1 SV=3,P16444,DPEP1,R.ANLTTLAGTHTNIPK.L.HexNAc(5)Hex(5)Fuc(1)
57,>sp|P16444|DPEP1_HUMAN Dipeptidase 1 OS=Homo sapiens OX=9606 GN=DPEP1 PE=1 SV=3,P16444,DPEP1,R.ANLTTLAGTHTNIPK.L.HexNAc(5)Hex(5)
57,>sp|P16444|DPEP1_HUMAN Dipeptidase 1 OS=Homo sapiens OX=9606 GN=DPEP1 PE=1 SV=3,P16444,DPEP1,R.ANLTTLAGTHTNIPK.L.HexNAc(5)Hex(4)Fuc(1)
279,>sp|P16444|DPEP1_HUMAN Dipeptidase 1 OS=Homo sapiens OX=9606 GN=DPEP1 PE=1 SV=3,P16444,DPEP1,K.ANLSQVADHLDHIK.E.HexNAc(5)Hex(5)Fuc(1)
279,>sp|P16444|DPEP1_HUMAN Dipeptidase 1 OS=Homo sapiens OX=9606 GN=DPEP1 PE=1 SV=3,P16444,DPEP1,K.ANLSQVADHLDHIK.E.HexNAc(5)Hex(4)Fuc(1)
332,>sp|P16444|DPEP1_HUMAN Dipeptidase 1 OS=Homo sapiens OX=9606 GN=DPEP1 PE=1 SV=3,P16444,DPEP1,R.RNWTEAEVK.G.HexNAc(6)Hex(6)Fuc(1)NeuAc(2)
139,>sp|P16870|CBPE_HUMAN Carboxypeptidase E OS=Homo sapiens OX=9606 GN=CPE PE=1 SV=1,P16870,CBPE,K.GNETIVNLIHSTR.I.HexNAc(3)Hex(6)NeuAc(1)
511,>sp|P19440|GGT1_HUMAN Glutathione hydrolase 1 proenzyme OS=Homo sapiens OX=9606 GN=GGT1 PE=1 SV=2,P19440,GGT1,R.LHNQLLPNVTTVER.N.HexNAc(6)Hex(6)Fuc(1)NeuAc(1)
93,>sp|P19652|A1AG2_HUMAN Alpha-1-acid glycoprotein 2 OS=Homo sapiens OX=9606 GN=ORM2 PE=1 SV=2,P19652,A1AG2,R.QNQCFYNSSYLNVQR.E.HexNAc(7)Hex(8)Fuc(1)NeuAc(4)
93,>sp|P19652|A1AG2_HUMAN Alpha-1-acid glycoprotein 2 OS=Homo sapiens OX=9606 GN=ORM2 PE=1 SV=2,P19652,A1AG2,R.QNQCFYNSSYLNVQR.E.HexNAc(7)Hex(8)Fuc(1)NeuAc(3)
93,>sp|P19652|A1AG2_HUMAN Alpha-1-acid glycoprotein 2 OS=Homo sapiens OX=9606 GN=ORM2 PE=1 SV=2,P19652,A1AG2,R.QNQCFYNSSYLNVQR.E.HexNAc(7)Hex(8)NeuAc(1)
93,>sp|P19652|A1AG2_HUMAN Alpha-1-acid glycoprotein 2 OS=Homo sapiens OX=9606 GN=ORM2 PE=1 SV=2,P19652,A1AG2,R.QNQCFYNSSYLNVQR.E.HexNAc(5)Hex(7)Fuc(1)NeuAc(2)
93,>sp|P19652|A1AG2_HUMAN Alpha-1-acid glycoprotein 2 OS=Homo sapiens OX=9606 GN=ORM2 PE=1 SV=2,P19652,A1AG2,R.QNQCFYNSSYLNVQR.E.HexNAc(6)Hex(7)Fuc(1)NeuAc(1)
93,>sp|P19652|A1AG2_HUMAN Alpha-1-acid glycoprotein 2 OS=Homo sapiens OX=9606 GN=ORM2 PE=1 SV=2,P19652,A1AG2,R.QNQCFYNSSYLNVQR.E.HexNAc(5)Hex(6)Fuc(1)NeuAc(2)
93,>sp|P19652|A1AG2_HUMAN Alpha-1-acid glycoprotein 2 OS=Homo sapiens OX=9606 GN=ORM2 PE=1 SV=2,P19652,A1AG2,R.QNQCFYNSSYLNVQR.E.HexNAc(5)Hex(7)Fuc(1)NeuAc(1)
93,>sp|P19652|A1AG2_HUMAN Alpha-1-acid glycoprotein 2 OS=Homo sapiens OX=9606 GN=ORM2 PE=1 SV=2,P19652,A1AG2,R.QNQCFYNSSYLNVQR.E.HexNAc(6)Hex(11)Fuc(1)
103,>sp|P19652|A1AG2_HUMAN Alpha-1-acid glycoprotein 2 OS=Homo sapiens OX=9606 GN=ORM2 PE=1 SV=2,P19652,A1AG2,R.ENGTVSR.Y.HexNAc(6)Hex(7)NeuAc(3)
103,>sp|P19652|A1AG2_HUMAN Alpha-1-acid glycoprotein 2 OS=Homo sapiens OX=9606 GN=ORM2 PE=1 SV=2,P19652,A1AG2,R.ENGTVSR.Y.HexNAc(5)Hex(6)Fuc(1)NeuAc(2)
103,>sp|P19652|A1AG2_HUMAN Alpha-1-acid glycoprotein 2 OS=Homo sapiens OX=9606 GN=ORM2 PE=1 SV=2,P19652,A1AG2,R.ENGTVSR.Y.HexNAc(5)Hex(6)NeuAc(2)
103,>sp|P19652|A1AG2_HUMAN Alpha-1-acid glycoprotein 2 OS=Homo sapiens OX=9606 GN=ORM2 PE=1 SV=2,P19652,A1AG2,R.ENGTVSR.Y.HexNAc(4)Hex(5)NeuAc(2)
74,>sp|P22792|CPN2_HUMAN Carboxypeptidase N subunit 2 OS=Homo sapiens OX=9606 GN=CPN2 PE=1 SV=3,P22792,CPN2,R.AFGSNPNLTK.V.HexNAc(4)Hex(5)NeuAc(2)
109,>sp|P25311|ZA2G_HUMAN Zinc-alpha-2-glycoprotein OS=Homo sapiens OX=9606 GN=AZGP1 PE=1 SV=2,P25311,ZA2G,K.DIVEYYNDSNGSHVLQGR.F.HexNAc(5)Hex(6)NeuAc(3)
109,>sp|P25311|ZA2G_HUMAN Zinc-alpha-2-glycoprotein OS=Homo sapiens OX=9606 GN=AZGP1 PE=1 SV=2,P25311,ZA2G,K.DIVEYYNDSNGSHVLQGR.F.HexNAc(4)Hex(4)Fuc(1)NeuAc(1); HexNAc(2)Hex(2)Fuc(1)
109,>sp|P25311|ZA2G_HUMAN Zinc-alpha-2-glycoprotein OS=Homo sapiens OX=9606 GN=AZGP1 PE=1 SV=2,P25311,ZA2G,K.DIVEYYNDSNGSHVLQGR.F.HexNAc(4)Hex(5)NeuAc(2)
112,>sp|P25311|ZA2G_HUMAN Zinc-alpha-2-glycoprotein OS=Homo sapiens OX=9606 GN=AZGP1 PE=1 SV=2,P25311,ZA2G,K.DIVEYYNDSNGSHVLQGR.F.HexNAc(5)Hex(5)Fuc(1)NeuAc(2)
112,>sp|P25311|ZA2G_HUMAN Zinc-alpha-2-glycoprotein OS=Homo sapiens OX=9606 GN=AZGP1 PE=1 SV=2,P25311,ZA2G,K.DIVEYYNDSNGSHVLQGR.F.HexNAc(4)Hex(5)Fuc(1)NeuAc(2)
112,>sp|P25311|ZA2G_HUMAN Zinc-alpha-2-glycoprotein OS=Homo sapiens OX=9606 GN=AZGP1 PE=1 SV=2,P25311,ZA2G,K.DIVEYYNDSNGSHVLQGR.F.HexNAc(2)Hex(12)
112,>sp|P25311|ZA2G_HUMAN Zinc-alpha-2-glycoprotein OS=Homo sapiens OX=9606 GN=AZGP1 PE=1 SV=2,P25311,ZA2G,K.DIVEYYNDSNGSHVLQGR.F.HexNAc(5)Hex(5)Fuc(1)NeuAc(1)
112,>sp|P25311|ZA2G_HUMAN Zinc-alpha-2-glycoprotein OS=Homo sapiens OX=9606 GN=AZGP1 PE=1 SV=2,P25311,ZA2G,K.DIVEYYNDSNGSHVLQGR.F.HexNAc(5)Hex(5)NeuAc(1)
112,>sp|P25311|ZA2G_HUMAN Zinc-alpha-2-glycoprotein OS=Homo sapiens OX=9606 GN=AZGP1 PE=1 SV=2,P25311,ZA2G,K.DIVEYYNDSNGSHVLQGR.F.HexNAc(4)Hex(5)Fuc(1)NeuAc(1)
112,>sp|P25311|ZA2G_HUMAN Zinc-alpha-2-glycoprotein OS=Homo sapiens OX=9606 GN=AZGP1 PE=1 SV=2,P25311,ZA2G,K.DIVEYYNDSNGSHVLQGR.F.HexNAc(4)Hex(5)NeuAc(1)
112,>sp|P25311|ZA2G_HUMAN Zinc-alpha-2-glycoprotein OS=Homo sapiens OX=9606 GN=AZGP1 PE=1 SV=2,P25311,ZA2G,K.DIVEYYNDSNGSHVLQGR.F.HexNAc(5)Hex(6)Fuc(1)NeuAc(3)
128,>sp|P25311|ZA2G_HUMAN Zinc-alpha-2-glycoprotein OS=Homo sapiens OX=9606 GN=AZGP1 PE=1 SV=2,P25311,ZA2G,R.FGCEIENNR.S.HexNAc(5)Hex(6)Fuc(1)NeuAc(3)
128,>sp|P25311|ZA2G_HUMAN Zinc-alpha-2-glycoprotein OS=Homo sapiens OX=9606 GN=AZGP1 PE=1 SV=2,P25311,ZA2G,R.FGCEIENNR.S.HexNAc(5)Hex(5)Fuc(1)NeuAc(2)
128,>sp|P25311|ZA2G_HUMAN Zinc-alpha-2-glycoprotein OS=Homo sapiens OX=9606 GN=AZGP1 PE=1 SV=2,P25311,ZA2G,R.FGCEIENNR.S.HexNAc(5)Hex(5)NeuAc(2)
128,>sp|P25311|ZA2G_HUMAN Zinc-alpha-2-glycoprotein OS=Homo sapiens OX=9606 GN=AZGP1 PE=1 SV=2,P25311,ZA2G,R.FGCEIENNR.S.HexNAc(4)Hex(5)Fuc(1)NeuAc(2)
128,>sp|P25311|ZA2G_HUMAN Zinc-alpha-2-glycoprotein OS=Homo sapiens OX=9606 GN=AZGP1 PE=1 SV=2,P25311,ZA2G,R.FGCEIENNR.S.HexNAc(5)Hex(5)Fuc(1)NeuAc(1)
128,>sp|P25311|ZA2G_HUMAN Zinc-alpha-2-glycoprotein OS=Homo sapiens OX=9606 GN=AZGP1 PE=1 SV=2,P25311,ZA2G,R.FGCEIENNR.S.HexNAc(4)Hex(5)Fuc(1)NeuAc(1)
128,>sp|P25311|ZA2G_HUMAN Zinc-alpha-2-glycoprotein OS=Homo sapiens OX=9606 GN=AZGP1 PE=1 SV=2,P25311,ZA2G,R.FGCEIENNR.S.HexNAc(5)Hex(5)Fuc(1)
128,>sp|P25311|ZA2G_HUMAN Zinc-alpha-2-glycoprotein OS=Homo sapiens OX=9606 GN=AZGP1 PE=1 SV=2,P25311,ZA2G,R.FGCEIENNR.S.HexNAc(4)Hex(5)NeuAc(1)
128,>sp|P25311|ZA2G_HUMAN Zinc-alpha-2-glycoprotein OS=Homo sapiens OX=9606 GN=AZGP1 PE=1 SV=2,P25311,ZA2G,R.FGCEIENNR.S.HexNAc(5)Hex(6)NeuAc(2)
95,>sp|P26842|CD27_HUMAN CD27 antigen OS=Homo sapiens OX=9606 GN=CD27 PE=1 SV=2,P26842,CD27,R.NCTITANAECACR.N.HexNAc(5)Hex(5)Fuc(1)NeuAc(2)
198,>sp|P30530|UFO_HUMAN Tyrosine-protein kinase receptor UFO OS=Homo sapiens OX=9606 GN=AXL PE=1 SV=4,P30530,UFO,R.SLHVPGLNK.T.HexNAc(5)Hex(6)Fuc(1)NeuAc(1)
198,>sp|P30530|UFO_HUMAN Tyrosine-protein kinase receptor UFO OS=Homo sapiens OX=9606 GN=AXL PE=1 SV=4,P30530,UFO,R.SLHVPGLNK.T.HexNAc(4)Hex(5)Fuc(1)NeuAc(1)
198,>sp|P30530|UFO_HUMAN Tyrosine-protein kinase receptor UFO OS=Homo sapiens OX=9606 GN=AXL PE=1 SV=4,P30530,UFO,R.SLHVPGLNK.T.HexNAc(4)Hex(5)Fuc(1)
345,>sp|P30530|UFO_HUMAN Tyrosine-protein kinase receptor UFO OS=Homo sapiens OX=9606 GN=AXL PE=1 SV=4,P30530,UFO,R.NGSQAFVHWQEPR.A.HexNAc(4)Hex(5)Fuc(1)NeuAc(1)
345,>sp|P30530|UFO_HUMAN Tyrosine-protein kinase receptor UFO OS=Homo sapiens OX=9606 GN=AXL PE=1 SV=4,P30530,UFO,R.NGSQAFVHWQEPR.A.HexNAc(5)Hex(6)Fuc(1)NeuAc(1)
2767,>sp|P35555|FBN1_HUMAN Fibrillin-1 OS=Homo sapiens OX=9606 GN=FBN1 PE=1 SV=4,P35555,FBN1,K.TAIFAFNISHVSNK.V.HexNAc(4)Hex(5)Fuc(1)NeuAc(1)
51,>sp|P41222|PTGDS_HUMAN Prostaglandin-H2 D-isomerase OS=Homo sapiens OX=9606 GN=PTGDS PE=1 SV=1,P41222,PTGDS,R.WFSAGLASNSSWLR.E.HexNAc(5)Hex(6)Fuc(1)NeuAc(2)
78,>sp|P41222|PTGDS_HUMAN Prostaglandin-H2 D-isomerase OS=Homo sapiens OX=9606 GN=PTGDS PE=1 SV=1,P41222,PTGDS,K.SVVAPATDGGLNLTSTFLR.K.HexNAc(5)Hex(6)Fuc(1)NeuAc(2)
78,>sp|P41222|PTGDS_HUMAN Prostaglandin-H2 D-isomerase OS=Homo sapiens OX=9606 GN=PTGDS PE=1 SV=1,P41222,PTGDS,K.SVVAPATDGGLNLTSTFLR.K.HexNAc(5)Hex(5)Fuc(1)NeuAc(1)
78,>sp|P41222|PTGDS_HUMAN Prostaglandin-H2 D-isomerase OS=Homo sapiens OX=9606 GN=PTGDS PE=1 SV=1,P41222,PTGDS,K.SVVAPATDGGLNLTSTFLR.K.HexNAc(4)Hex(5)Fuc(1)NeuAc(1)
78,>sp|P41222|PTGDS_HUMAN Prostaglandin-H2 D-isomerase OS=Homo sapiens OX=9606 GN=PTGDS PE=1 SV=1,P41222,PTGDS,K.SVVAPATDGGLNLTSTFLR.K.HexNAc(5)Hex(4)NeuAc(2)
150,>sp|P43251|BTD_HUMAN Biotinidase OS=Homo sapiens OX=9606 GN=BTD PE=1 SV=2,P43251,BTD,R.FNDTEVLQR.L.HexNAc(4)Hex(5)NeuAc(2)
33,>sp|P43652|AFAM_HUMAN Afamin OS=Homo sapiens OX=9606 GN=AFM PE=1 SV=1,P43652,AFAM,R.DIENFNSTQK.F.HexNAc(4)Hex(5)Fuc(1)NeuAc(2)
1496,>sp|P98164|LRP2_HUMAN Low-density lipoprotein receptor-related protein 2 OS=Homo sapiens OX=9606 GN=LRP2 PE=1 SV=3,P98164,LRP2,K.TWSAFQNGTDR.R.HexNAc(5)Hex(5)Fuc(1)
3315,>sp|P98164|LRP2_HUMAN Low-density lipoprotein receptor-related protein 2 OS=Homo sapiens OX=9606 GN=LRP2 PE=1 SV=3,P98164,LRP2,R.MLAQHCVDANNTFCFDNPR.G.HexNAc(5)Hex(5)Fuc(1)
392,>sp|Q02487|DSC2_HUMAN Desmocollin-2 OS=Homo sapiens OX=9606 GN=DSC2 PE=1 SV=1,Q02487,DSC2,R.ANYTILK.G.HexNAc(4)Hex(5)Fuc(1)NeuAc(1)
290,>sp|Q04756|HGFA_HUMAN Hepatocyte growth factor activator OS=Homo sapiens OX=9606 GN=HGFAC PE=1 SV=1,Q04756,HGFA,R.CFLGNGTGYR.G.HexNAc(4)Hex(5)NeuAc(2)
589,>sp|Q07075|AMPE_HUMAN Glutamyl aminopeptidase OS=Homo sapiens OX=9606 GN=ENPEP PE=1 SV=3,Q07075,AMPE,K.WTEDNITSSVLFNR.S.HexNAc(2)Hex(3)Fuc(1); HexNAc(2)Hex(3)
828,>sp|Q07075|AMPE_HUMAN Glutamyl aminopeptidase OS=Homo sapiens OX=9606 GN=ENPEP PE=1 SV=3,Q07075,AMPE,K.NVTLLSR.Y.HexNAc(2)Hex(9)
69,>sp|Q08380|LG3BP_HUMAN Galectin-3-binding protein OS=Homo sapiens OX=9606 GN=LGALS3BP PE=1 SV=1,Q08380,LG3BP,R.ALGFENATQALGR.A.HexNAc(6)Hex(6)NeuAc(2)
551,>sp|Q08380|LG3BP_HUMAN Galectin-3-binding protein OS=Homo sapiens OX=9606 GN=LGALS3BP PE=1 SV=1,Q08380,LG3BP,K.AAIPSALDTNSSK.S.HexNAc(6)Hex(6)Fuc(1)
551,>sp|Q08380|LG3BP_HUMAN Galectin-3-binding protein OS=Homo sapiens OX=9606 GN=LGALS3BP PE=1 SV=1,Q08380,LG3BP,K.AAIPSALDTNSSK.S.HexNAc(5)Hex(5)Fuc(1)
551,>sp|Q08380|LG3BP_HUMAN Galectin-3-binding protein OS=Homo sapiens OX=9606 GN=LGALS3BP PE=1 SV=1,Q08380,LG3BP,K.AAIPSALDTNSSK.S.HexNAc(5)Hex(4)Fuc(1)
551,>sp|Q08380|LG3BP_HUMAN Galectin-3-binding protein OS=Homo sapiens OX=9606 GN=LGALS3BP PE=1 SV=1,Q08380,LG3BP,K.AAIPSALDTNSSK.S.HexNAc(4)Hex(4)Fuc(1)
551,>sp|Q08380|LG3BP_HUMAN Galectin-3-binding protein OS=Homo sapiens OX=9606 GN=LGALS3BP PE=1 SV=1,Q08380,LG3BP,K.AAIPSALDTNSSK.S.HexNAc(5)Hex(6)Fuc(1)NeuAc(1)
551,>sp|Q08380|LG3BP_HUMAN Galectin-3-binding protein OS=Homo sapiens OX=9606 GN=LGALS3BP PE=1 SV=1,Q08380,LG3BP,K.AAIPSALDTNSSK.S.HexNAc(5)Hex(5)
259,>sp|Q13510|ASAH1_HUMAN Acid ceramidase OS=Homo sapiens OX=9606 GN=ASAH1 PE=1 SV=5,Q13510,ASAH1,R.TVLENSTSYEEAK.N.HexNAc(2)Hex(6)
169,>sp|Q14515|SPRL1_HUMAN SPARC-like protein 1 OS=Homo sapiens OX=9606 GN=SPARCL1 PE=1 SV=2,Q14515,SPRL1,R.NYSHHQLNR.S.HexNAc(4)Hex(5)Fuc(1)NeuAc(2)
49,>sp|Q16769|QPCT_HUMAN Glutaminyl-peptide cyclotransferase OS=Homo sapiens OX=9606 GN=QPCT PE=1 SV=1,Q16769,QPCT,K.NYHQPAILNSSALR.Q.HexNAc(5)Hex(5)Fuc(1)NeuAc(2)
49,>sp|Q16769|QPCT_HUMAN Glutaminyl-peptide cyclotransferase OS=Homo sapiens OX=9606 GN=QPCT PE=1 SV=1,Q16769,QPCT,K.NYHQPAILNSSALR.Q.HexNAc(5)Hex(6)Fuc(1)NeuAc(1)
49,>sp|Q16769|QPCT_HUMAN Glutaminyl-peptide cyclotransferase OS=Homo sapiens OX=9606 GN=QPCT PE=1 SV=1,Q16769,QPCT,K.NYHQPAILNSSALR.Q.HexNAc(4)Hex(5)Fuc(1)NeuAc(2)
49,>sp|Q16769|QPCT_HUMAN Glutaminyl-peptide cyclotransferase OS=Homo sapiens OX=9606 GN=QPCT PE=1 SV=1,Q16769,QPCT,K.NYHQPAILNSSALR.Q.HexNAc(5)Hex(5)Fuc(1)NeuAc(1)
49,>sp|Q16769|QPCT_HUMAN Glutaminyl-peptide cyclotransferase OS=Homo sapiens OX=9606 GN=QPCT PE=1 SV=1,Q16769,QPCT,K.NYHQPAILNSSALR.Q.HexNAc(4)Hex(5)Fuc(1)NeuAc(1)
109,>sp|Q5TFQ8|SIRBL_HUMAN Signal-regulatory protein beta-1 isoform 3 OS=Homo sapiens OX=9606 GN=SIRPB1 PE=1 SV=1,Q5TFQ8,SIRBL,R.ISNITPADAGTYYCVK.F.HexNAc(4)Hex(5)Fuc(1)NeuAc(1)
117,>sp|Q6EMK4|VASN_HUMAN Vasorin OS=Homo sapiens OX=9606 GN=VASN PE=1 SV=1,Q6EMK4,VASN,R.LHEITNETFR.G.HexNAc(5)Hex(6)Fuc(1)NeuAc(2)
117,>sp|Q6EMK4|VASN_HUMAN Vasorin OS=Homo sapiens OX=9606 GN=VASN PE=1 SV=1,Q6EMK4,VASN,R.LHEITNETFR.G.HexNAc(5)Hex(6)Fuc(1)NeuAc(1)
117,>sp|Q6EMK4|VASN_HUMAN Vasorin OS=Homo sapiens OX=9606 GN=VASN PE=1 SV=1,Q6EMK4,VASN,R.LHEITNETFR.G.HexNAc(4)Hex(5)Fuc(1)NeuAc(2)
117,>sp|Q6EMK4|VASN_HUMAN Vasorin OS=Homo sapiens OX=9606 GN=VASN PE=1 SV=1,Q6EMK4,VASN,R.LHEITNETFR.G.HexNAc(4)Hex(5)NeuAc(2)
117,>sp|Q6EMK4|VASN_HUMAN Vasorin OS=Homo sapiens OX=9606 GN=VASN PE=1 SV=1,Q6EMK4,VASN,R.LHEITNETFR.G.HexNAc(4)Hex(5)Fuc(1)NeuAc(1)
500,>sp|Q6EMK4|VASN_HUMAN Vasorin OS=Homo sapiens OX=9606 GN=VASN PE=1 SV=1,Q6EMK4,VASN,R.NLSGPDKR.L.HexNAc(3)Hex(5)NeuAc(1)
69,>sp|Q6GTX8|LAIR1_HUMAN Leukocyte-associated immunoglobulin-like receptor 1 OS=Homo sapiens OX=9606 GN=LAIR1 PE=1 SV=1,Q6GTX8,LAIR1,R.STYNDTEDVSQASPSESEAR.F.HexNAc(4)Hex(5)Fuc(1)NeuAc(2)
80,>sp|Q6UWI2|PARM1_HUMAN Prostate androgen-regulated mucin-like protein 1 OS=Homo sapiens OX=9606 GN=PARM1 PE=1 SV=1,Q6UWI2,PARM1,K.NISIESR.E.HexNAc(4)Hex(5)Fuc(1)NeuAc(2)
66,>sp|Q96FE7|P3IP1_HUMAN Phosphoinositide-3-kinase-interacting protein 1 OS=Homo sapiens OX=9606 GN=PIK3IP1 PE=1 SV=2,Q96FE7,P3IP1,R.CLNWLDAQSGLASAPVSGAGNHSYCR.N.HexNAc(4)Hex(5)Fuc(1)NeuAc(2)
66,>sp|Q96FE7|P3IP1_HUMAN Phosphoinositide-3-kinase-interacting protein 1 OS=Homo sapiens OX=9606 GN=PIK3IP1 PE=1 SV=2,Q96FE7,P3IP1,R.CLNWLDAQSGLASAPVSGAGNHSYCR.N.HexNAc(4)Hex(5)Fuc(1)NeuAc(1)
406,>sp|Q99523|SORT_HUMAN Sortilin OS=Homo sapiens OX=9606 GN=SORT1 PE=1 SV=3,Q99523,SORT,R.HLYTTTGGETDFTNVTSLR.G.HexNAc(2)Hex(10)
406,>sp|Q99523|SORT_HUMAN Sortilin OS=Homo sapiens OX=9606 GN=SORT1 PE=1 SV=3,Q99523,SORT,R.HLYTTTGGETDFTNVTSLR.G.HexNAc(2)Hex(9)
346,>sp|Q9H3G5|CPVL_HUMAN Probable serine carboxypeptidase CPVL OS=Homo sapiens OX=9606 GN=CPVL PE=1 SV=2,Q9H3G5,CPVL,R.QAIHVGNQTFNDGTIVEK.Y.HexNAc(2)Hex(6)
346,>sp|Q9H3G5|CPVL_HUMAN Probable serine carboxypeptidase CPVL OS=Homo sapiens OX=9606 GN=CPVL PE=1 SV=2,Q9H3G5,CPVL,R.QAIHVGNQTFNDGTIVEK.Y.HexNAc(2)Hex(5)
147,>sp|Q9NZP8|C1RL_HUMAN Complement C1r subcomponent-like protein OS=Homo sapiens OX=9606 GN=C1RL PE=1 SV=2,Q9NZP8,C1RL,R.TQPSSENK.T.HexNAc(4)Hex(5)NeuAc(2)
242,>sp|Q9NZP8|C1RL_HUMAN Complement C1r subcomponent-like protein OS=Homo sapiens OX=9606 GN=C1RL PE=1 SV=2,Q9NZP8,C1RL,R.PVTPIAQNQTTLGSSR.A.HexNAc(4)Hex(5)Fuc(1)NeuAc(2)
59,>sp|Q9ULV1|FZD4_HUMAN Frizzled-4 OS=Homo sapiens OX=9606 GN=FZD4 PE=1 SV=2,Q9ULV1,FZD4,R.ISMCQNLGYNVTK.M.HexNAc(4)Hex(5)Fuc(1)NeuAc(2)
144,>sp|Q9ULV1|FZD4_HUMAN Frizzled-4 OS=Homo sapiens OX=9606 GN=FZD4 PE=1 SV=2,Q9ULV1,FZD4,K.EFGFAWPESLNCSK.F.HexNAc(4)Hex(5)Fuc(1)NeuAc(2)
53,>sp|Q9Y5Y7|LYVE1_HUMAN Lymphatic vessel endothelial hyaluronic acid receptor 1 OS=Homo sapiens OX=9606 GN=LYVE1 PE=1 SV=2,Q9Y5Y7,LYVE1,K.ANQQLNFTEAK.E.HexNAc(6)Hex(7)NeuAc(2)
53,>sp|Q9Y5Y7|LYVE1_HUMAN Lymphatic vessel endothelial hyaluronic acid receptor 1 OS=Homo sapiens OX=9606 GN=LYVE1 PE=1 SV=2,Q9Y5Y7,LYVE1,K.ANQQLNFTEAK.E.HexNAc(4)Hex(5)NeuAc(2)
53,>sp|Q9Y5Y7|LYVE1_HUMAN Lymphatic vessel endothelial hyaluronic acid receptor 1 OS=Homo sapiens OX=9606 GN=LYVE1 PE=1 SV=2,Q9Y5Y7,LYVE1,K.ANQQLNFTEAK.E.HexNAc(4)Hex(5)Fuc(1)NeuAc(1)
53,>sp|Q9Y5Y7|LYVE1_HUMAN Lymphatic vessel endothelial hyaluronic acid receptor 1 OS=Homo sapiens OX=9606 GN=LYVE1 PE=1 SV=2,Q9Y5Y7,LYVE1,K.ANQQLNFTEAK.E.HexNAc(5)Hex(6)NeuAc(1)
105,>sp|Q9Y6Q6|TNR11_HUMAN Tumor necrosis factor receptor superfamily member 11A OS=Homo sapiens OX=9606 GN=TNFRSF11A PE=1 SV=1,Q9Y6Q6,TNR11,K.ALVAVVAGNSTTPR.R.HexNAc(4)Hex(5)Fuc(1)NeuAc(1)
